customerID,Churn_Probability_Bin
7590-VHVEG,70
5575-GNVDE,0
3668-QPYBK,40
7795-CFOCW,30
9237-HQITU,70
9305-CDSKC,90
1452-KIOVK,0
6713-OKOMC,10
7892-POOKP,90
6388-TABGU,
9763-GRSKD,0
7469-LKBCI,0
8091-TTVAX,0
0280-XJGEX,90
5129-JLPIS,0
3655-SNQYZ,
8191-XWSZG,0
9959-WOFKT,10
4190-MFLUW,40
4183-MYFRB,0
8779-QRDMV,90
1680-VDCWW,0
1066-JKSGK,40
3638-WEABW,0
6322-HRPFA,20
6865-JZNKO,0
6467-CHFZW,90
8665-UTDHZ,60
5248-YGIJN,
8773-HHUOZ,20
3841-NFECX,
4929-XIHVW,80
6827-IEAUQ,0
7310-EGVHZ,50
3413-BMNZE,60
6234-RAAPL,
6047-YHPVI,60
6572-ADKRS,30
5380-WJKOV,90
8168-UQWWF,90
8865-TNMNX,0
9489-DEDVP,
9867-JCZSP,0
4671-VJLCL,
4080-IIARD,0
3714-NTNFO,90
5948-UJZLF,30
7760-OYPDY,80
7639-LIAYI,0
2954-PIBKO,
8012-SOUDQ,0
9420-LOJKX,90
6575-SUVOI,10
7495-OOKFY,80
4667-QONEA,
1658-BYGOY,90
8769-KKTPH,0
5067-XJQFU,
3957-SQXML,0
5954-BDFSG,
0434-CSFON,0
1215-FIGMP,0
0526-SXDJP,
0557-ASKVU,10
5698-BQJOH,80
5122-CYFXA,40
8627-ZYGSZ,40
3410-YOQBQ,
3170-NMYVV,0
7410-OIEDU,10
2273-QCKXA,40
0731-EBJQB,0
1891-QRQSA,
8028-PNXHQ,
5630-AHZIL,20
2673-CXQEU,0
6416-JNVRK,0
5590-ZSKRV,10
0191-ZHSKZ,0
3887-PBQAO,0
5919-TMRGD,90
8108-UXRQN,20
9191-MYQKX,60
9919-YLNNG,0
0318-ZOPWS,0
4445-ZJNMU,80
4808-YNLEU,0
1862-QRWPE,0
2796-NNUFI,0
3016-KSVCP,10
4767-HZZHQ,0
2424-WVHPL,70
7233-PAHHL,
6067-NGCEU,
9848-JQJTX,
8637-XJIVR,30
9803-FTJCG,
0278-YXOOG,20
3212-KXOCR,0
4598-XLKNJ,90
6380-ARCEH,50
3679-XASPY,40
7123-WQUHX,0
5386-THSLQ,
3192-NQECA,90
6180-YBIQI,50
6728-DKUCO,
9750-BOOHV,0
8597-CWYHH,0
2848-YXSMW,
0486-HECZI,90
4549-ZDQYY,0
5712-AHQNN,0
4846-WHAFZ,80
5256-SKJGO,
3071-VBYPO,20
9560-BBZXK,0
5299-RULOA,90
8402-OOOHJ,
9445-ZUEQE,20
1091-SOZGA,0
2928-HLDBA,0
0404-SWRVG,80
6497-TILVL,10
7219-TLZHO,20
4622-YNKIJ,0
4412-YLTKF,60
6734-PSBAW,
3930-ZGWVE,50
2639-UGMAZ,
2876-GZYZC,70
6207-WIOLX,70
8587-XYZSF,
3091-FYHKI,90
2372-HWUHI,50
7799-LGRDP,0
7850-VWJUU,10
3774-VBNXY,
6217-KDYWC,0
0390-DCFDQ,80
3146-MSEGF,
4080-OGPJL,40
1095-WGNGG,
2636-SJDOU,0
1131-QQZEB,
5716-EZXZN,
6837-BJYDQ,0
2135-RXIHG,70
6440-DKQGE,0
3466-BYAVD,0
3780-YVMFA,20
3874-EQOEP,80
1679-JRFBR,
9073-ZZIAY,
3077-RSNTJ,20
6551-GNYDG,50
9167-APMXZ,50
2749-CTKAJ,0
6371-NZYEG,0
7554-NEWDD,0
8992-VONJD,10
0867-MKZVY,50
4482-EWFMI,70
4648-YPBTM,0
2907-ILJBN,0
6345-FZOQH,
3376-BMGFE,70
5997-OPVFA,
3445-HXXGF,90
1159-WFSGR,10
7654-YWJUF,0
1875-QIVME,80
6727-IOTLZ,0
0691-JVSYA,90
5918-VUKWP,0
1744-JHKYS,0
2656-FMOKZ,60
2070-FNEXE,40
5947-SGKCL,20
3712-PKXZA,0
6317-YPKDH,60
6582-OIVSP,60
9367-WXLCH,80
5524-KHNJP,0
1918-ZBFQJ,90
1024-GUALD,70
4827-USJHP,0
8167-GJLRN,50
0956-SYCWG,0
8017-UVSZU,0
7100-FQPRV,0
2472-OVKUP,60
2984-RGEYA,0
9680-NIAUV,
2146-EGVDT,0
2604-IJPDU,0
9178-JHUVJ,0
6168-YBYNP,0
7255-SSFBC,
3645-DEYGF,30
9323-HGFWY,0
8544-GOQSH,30
3363-DTIVD,
7018-WBJNK,30
9142-KZXOP,20
7674-YTAFD,0
6348-SNFUS,
1285-OKIPP,90
7825-ECJRF,80
1347-KTTTA,
7841-TZDMQ,60
4195-NZGTA,50
7157-SMCFK,0
4709-LKHYG,0
2504-DSHIH,20
0699-NDKJM,0
9286-BHDQG,
0230-WEQUW,
2040-LDIWQ,
6496-JDSSB,60
9408-SSNVZ,60
4443-EMBNA,
6469-MRVET,10
0742-MOABM,50
5961-VUSRV,0
6778-JFCMK,0
6341-JVQGF,0
2232-DMLXU,70
4811-JBUVU,0
0945-TSONX,
2651-ZCBXV,0
3316-UWXUY,0
8937-RDTHP,90
7083-MIOPC,
1984-GPTEH,0
1251-KRREG,50
0621-JFHOL,0
9903-LYSAB,40
0094-OIFMO,50
9227-UAQFT,0
7301-ABVAD,
6614-FHDBO,
7576-ASEJU,10
9058-HRZSV,
4522-AKYLR,0
0221-WMXNQ,40
0303-UNCIP,0
9947-OTFQU,60
0322-YINQP,30
0959-WHOKV,
4075-JFPGR,
4629-NRXKX,70
9514-JDSKI,80
3282-ZISZV,0
3675-YDUPJ,10
4111-BNXIF,
7017-VFHAY,
6655-LHBYW,
4959-JOSRX,60
5046-NUHWD,0
7273-TEFQD,90
3606-TWKGI,90
7529-ZDFXI,0
7605-BDWDC,0
1950-KSVVJ,
0123-CRBRT,
6292-TOSSS,0
3197-ARFOY,20
6323-AYBRX,10
7014-ZZXAW,
4385-GZQXV,90
7633-MVPUY,
6366-ZGQGL,60
4716-HHKQH,0
5940-AHUHD,70
6432-TWQLB,70
4484-GLZOU,90
3179-GBRWV,0
8645-KWHJO,10
4130-MZLCC,30
0314-TKOSI,10
8229-MYEJZ,0
2080-SRCDE,30
9577-WJVCQ,0
9512-UIBFX,90
6202-DYYFX,20
3808-HFKDE,30
5583-SXDAG,80
3488-PGMQJ,70
3580-REOAC,30
7534-BFESC,70
3727-OWVYD,0
2294-SALNE,0
4847-TAJYI,60
1563-IWQEX,10
8203-XJZRC,40
6556-DBKZF,0
6851-WEFYX,0
2985-JUUBZ,0
6390-DSAZX,70
0895-LMRSF,10
8098-LLAZX,90
8266-VBFQL,40
8181-YHCMF,
2240-HSJQD,10
1248-DYXUB,0
0265-EDXBD,70
4115-BNPJY,
3167-SNQPL,80
4091-TVOCN,0
1098-TDVUQ,30
7277-OZCGZ,10
1557-EMYVT,
2799-ARNLO,60
7563-BIUPC,70
5027-YOCXN,
3973-SKMLN,
2321-OMBXY,90
2840-XANRC,90
6745-JEFZB,0
5020-ZSTTY,90
9880-TDQAC,
8705-WZCYL,60
7102-JJVTX,0
8626-PTQGE,
4983-CLMLV,
5701-YVSVF,50
5804-LEPIM,70
5697-GOMBF,40
2739-CACDQ,20
9385-EHGDO,0
9498-FIMXL,0
2379-GYFLQ,0
0122-OAHPZ,60
2868-SNELZ,70
4322-RCYMT,90
6680-NENYN,90
2088-IEBAU,
7982-VCELR,0
1343-EHPYB,50
6035-BXTTY,0
6885-PKOAM,
7520-HQWJU,0
9639-BUJXT,0
5924-SNGKP,0
0021-IKXGC,80
2034-GDRCN,90
8966-SNIZF,0
6243-OZGFH,20
4654-DLAMQ,
0513-RBGPE,0
5160-UXJED,10
4115-NZRKS,50
0219-YTZUE,80
0623-IIHUG,80
4572-DVCGN,60
3351-NGXYI,30
8984-EYLLL,
9057-MSWCO,50
9833-TGFHX,0
9294-TDIPC,0
5229-DTFYB,
0104-PPXDV,0
5176-LMJXE,0
3583-KRKMD,0
1010-DIAUQ,80
9069-LGEUL,0
7302-ZHMHP,20
9571-EDEBV,
3520-FJGCV,
6563-VRERX,0
0259-GBZSH,80
6122-EFVKN,0
2805-EDJPQ,0
6862-CQUMB,0
7156-MXBJE,0
6158-HDPXZ,60
9601-BRXPO,90
2863-IMQDR,
5686-CMAWK,0
5651-CRHKQ,0
6905-NIQIN,50
8204-YJCLA,
5167-ZFFMM,80
6583-SZVGP,0
4895-TMWIR,30
0533-BNWKF,90
1708-PBBOA,0
8782-LKFPK,0
5522-JBWMO,50
3597-MVHJT,0
9774-NRNAU,0
0224-RLWWD,60
9967-ATRFS,0
3951-NJCVI,0
2977-CEBSX,
0177-PXBAT,0
6599-CEBNN,60
2519-ERQOJ,0
5876-QMYLD,0
2277-AXSDC,0
9442-JTWDL,0
0979-PHULV,90
3067-SVMTC,0
5495-GPSRW,0
7606-BPHHN,
4742-DRORA,
0111-KLBQG,0
4800-VHZKI,50
7989-CHGTL,50
0334-GDDSO,80
4163-NCJAK,0
5233-AOZUF,60
5973-EJGDP,0
1996-DBMUS,40
7916-VCCPB,30
4686-GEFRM,
5249-QYHEX,0
0578-SKVMF,90
5564-NEMQO,90
2233-FAGXV,20
5605-IYGFG,40
7663-ZTEGJ,0
3935-TBRZZ,0
8111-BKVDS,10
2055-SIFSS,0
2806-MLNTI,
8734-DKSTZ,70
4360-PNRQB,20
6152-ONASV,
9063-ZGTUY,30
7781-HVGMK,
2181-UAESM,40
2957-LOLHO,30
6048-NJXHX,0
2320-SLKMB,0
4980-URKXC,0
4376-KFVRS,
5886-VLQVU,0
3577-AMVUX,70
0771-WLCLA,30
5628-RKIFK,0
0206-TBWLC,
2937-FTHUR,70
1910-FMXJM,50
7752-XUSCI,90
4110-PFEUZ,80
0732-OCQOC,0
5168-MSWXT,40
1090-ESELR,
8592-PLTMQ,0
5760-WRAHC,0
8847-GEOOQ,
0256-LTHVJ,50
4785-FCIFB,0
8313-NDOIA,0
5149-CUZUJ,0
0942-KOWSM,
4237-CLSMM,10
1452-VOQCH,80
4719-UMSIY,10
6614-VBEGU,0
0880-TKATG,80
3811-VBYBZ,90
1480-BKXGA,30
2996-XAUVF,
9076-AXYIK,
5968-XQIVE,0
8896-RAZCR,0
4640-UHDOS,30
4933-IKULF,0
3583-EKAPL,70
1304-BCCFO,40
4104-PVRPS,0
9399-APLBT,80
2359-KMGLI,60
3780-DDGSE,0
4431-EDMIQ,10
0306-JAELE,70
6227-HWPWX,30
0486-LGCCH,0
0447-BEMNG,90
4612-SSVHJ,30
5168-MQQCA,
5949-XIKAE,90
7971-HLVXI,0
9094-AZPHK,70
3649-JPUGY,0
4472-LVYGI,0
8372-JUXUI,80
3552-CTCYF,
6778-YSNIH,40
0388-EOPEX,50
5756-OZRIO,
6579-JPICP,30
8205-OTCHB,20
4134-BSXLX,0
0505-SPOOW,
6235-VDHOM,50
7783-YKGDV,90
4374-YMUSQ,0
4513-CXYIX,0
3957-HHLMR,
7803-XOCCZ,0
5736-YEJAX,
5609-CEBID,90
8981-FJGLA,20
7218-HKQFK,90
4636-QRJKY,70
1135-LMECX,50
4332-MUOEZ,0
8535-SFUTN,
5956-VKDTT,80
8677-HDZEE,0
2475-MROZF,0
9412-GHEEC,90
3482-ABPKK,0
6705-LXORM,60
0257-ZESQC,30
7531-GQHME,0
5174-ITUMV,
4109-CYRBD,20
0913-XWSCN,10
6825-UYPFK,40
8397-MVTAZ,90
0750-EBAIU,0
8606-CIQUL,
3571-DPYUH,
7601-GNDYK,0
0356-OBMAC,0
8067-NIOYM,0
1403-GYAFU,0
4234-XTNEA,80
1297-VQDRP,
9282-IZGQK,90
5348-CAGXB,40
0621-HJWXJ,0
5844-QVTAT,0
8905-IAZPF,
5394-MEITZ,
6859-QNXIQ,
2782-LFZVW,20
2866-IKBTM,20
1342-JPNKI,70
2817-NTQDO,90
7129-AZJDE,10
6986-IJDHX,90
2560-PPCHE,0
4676-MQUEA,30
8138-EALND,20
3580-HYCSP,
1352-HNSAW,0
2075-PUEPR,0
1982-FEBTD,0
5301-GAUUY,50
5791-KAJFD,0
2654-VBVPB,50
1154-HYWWO,0
2501-XWWTZ,40
3716-UVSPD,40
6815-ABQFQ,0
7343-EOBEU,30
3701-SFMUH,10
6103-LIANB,
7319-VENRZ,10
5846-NEQVZ,
6967-QIQRV,0
5781-RFZRP,
0939-YAPAF,90
0308-IVGOK,0
7293-LSCDV,0
7025-WCBNE,0
5756-JYOJT,0
4710-FDUIZ,90
6030-REHUX,0
9548-LIGTA,
5150-LJNSR,0
8270-RKSAP,60
6522-YRBXD,0
2640-LYMOV,20
1218-VKFPE,20
3627-FHKBK,60
2865-TCHJW,80
1423-BMPBQ,50
2393-DIVAI,10
5192-EBGOV,90
4568-KNYWR,0
8752-IMQOS,0
0742-LAFQK,
0795-LAFGP,
0619-OLYUR,
5512-IDZEI,0
0459-SPZHJ,0
0215-BQKGS,0
9244-ZVAPM,60
0719-SYFRB,90
8208-EUMTE,0
5172-MIGPM,20
1710-RCXUS,0
0374-FIUCA,
5839-SUYVZ,40
5173-ZXXXL,0
1096-ADRUX,0
2001-MCUUW,0
2731-GJRDG,0
4723-BEGSG,
6516-NKQBO,
8672-OAUPW,0
8207-DMRVL,
3419-SNJJD,90
6543-CPZMK,40
4765-OXPPD,0
2804-ETQDK,
6689-VRRTK,
7138-GIRSH,
9396-ZSFLL,20
6464-KEXXH,40
7134-MJPDY,
5240-CAOYT,0
4059-IIEBK,60
4881-JVQOD,70
0516-UXRMT,
4851-BQDNX,0
5148-HKFIR,0
1009-IRMNA,20
3003-CMDUU,0
5016-IBERQ,10
6797-UCJHZ,
2469-DTSGX,
4554-YGZIH,70
5099-BAILX,90
9931-KGHOA,0
1775-KWJKQ,
7665-VIGUD,0
9411-TPQQV,0
7207-RMRDB,90
7954-MLBUN,0
2077-DDHJK,
4913-EHYUI,90
0195-IESCP,80
9574-BOSMD,
4580-TMHJU,50
0970-ETWGE,90
4908-XAXAY,0
8404-VLQFB,20
1626-ERCMM,90
0887-HJGAR,70
2391-IPLOP,0
5644-PDMZC,70
3509-GWQGF,10
9576-ANLXO,70
2024-BASKD,80
5845-BZZIB,
1140-UKVZG,10
4160-AMJTL,40
5183-SNMJQ,30
8100-PNJMH,
7838-LAZFO,
4464-JCOLN,20
2085-JVGAD,0
5650-VDUDS,60
8095-WANWK,30
3030-ZKIWL,40
9565-FLVCG,
8755-OGKNA,0
2800-VEQXM,50
7538-GWHML,70
5533-RJFTJ,0
3859-CVCET,50
0214-JHPFW,
5642-MHDQT,10
3088-FVYWK,0
3276-HDUEG,80
9092-GDZKO,10
0823-HSCDJ,90
3729-OWRVL,
2324-AALNO,0
0822-GAVAP,80
5760-IFJOZ,40
2826-UWHIS,10
1448-PWKYE,90
7501-IWUNG,
4957-TREIR,10
7251-LJBQN,0
8040-MNRTF,70
1536-HBSWP,60
5313-FPXWG,0
0067-DKWBL,60
0946-FKYTX,0
5076-YVXCM,10
8262-COGGB,30
6663-JOCQO,0
9620-QJREV,0
2276-YDAVZ,70
2682-KEVRP,0
2480-JZOSN,30
0078-XZMHT,
5896-NPFWW,80
9978-HYCIN,0
8338-QIUNR,
1525-LNLOJ,
9450-TRJUU,50
1766-GKNMI,50
6942-LBFDP,10
1456-TWCGB,20
7133-VBDCG,70
7596-ZYWBB,0
8329-UTMVM,0
3014-WJKSM,10
3347-YJZZE,0
1029-QFBEN,30
7929-DMBCV,10
9661-JALZV,0
5433-KYGHE,20
4312-KFRXN,
5575-TPIZQ,0
0114-IGABW,
9944-AEXBM,40
1853-ARAAQ,0
6952-OMNWB,10
4697-LUPSU,0
8434-VGEQQ,
4952-YSOGZ,80
1589-AGTLK,70
5244-IRFIH,90
6549-YMFAW,20
4950-HKQTE,0
6786-OBWQR,70
2684-EIWEO,90
2753-JMMCV,
6439-GTPCA,10
6621-YOBKI,10
1216-JWVUX,40
7564-GHCVB,
1173-NOEYG,0
7595-EHCDL,0
6647-ZEDXT,0
2521-NPUZR,0
1307-TVUFB,10
7503-MIOGA,
4381-MHQDC,0
6923-JHPMP,40
5138-WVKYJ,70
4018-PPNDW,0
1635-FJFCC,40
2499-AJYUA,
6919-ELBGL,
3966-HRMZA,50
6425-JWTDV,0
8405-IGQFX,
8224-IVVPA,0
9477-LGWQI,
1410-RSCMR,20
3115-CZMZD,0
0139-IVFJG,10
6683-VLCTZ,90
5730-DBDSI,0
0030-FNXPP,30
2189-WWOEW,90
5684-FJVYR,
4013-GUXND,40
1894-IGFSG,90
7379-POKDZ,60
1266-NZYUI,
7969-FFOWG,
4718-DHSMV,30
5175-WLYXL,20
7817-OMJNA,0
8728-SKJLR,30
3137-NYQQI,0
7706-DZNKK,0
0236-HFWSV,90
3900-AQPHZ,50
5842-POCOP,50
2037-XJFUP,90
8823-RLPWL,
9505-SQFSW,30
7314-OXENN,80
3758-CKOQL,
0322-CHQRU,60
5676-CFLYY,
7521-AFHAB,40
0285-INHLN,10
4678-DVQEO,70
5125-CNDSP,
0691-IFBQW,90
4992-LTJNE,
2202-OUTMO,0
0810-BDHAW,0
0229-LFJAF,
7131-ZQZNK,
3442-ZHHCC,
5726-CVNYA,0
9871-ELEYA,0
4257-GAESD,50
5173-WXOQV,20
2040-OBMLJ,10
6286-ZHAOK,10
3807-XHCJH,60
3009-JWMPU,90
5671-RQRLP,0
1450-GALXR,90
8859-AXJZP,0
3174-AKMAS,0
3138-BKYAV,70
9926-PJHDQ,
7382-DFJTU,0
2798-NYLMZ,
4289-DTDKW,90
1820-TQVEV,90
2239-JALAW,80
4853-RULSV,90
8098-TDCBU,0
3551-GAEGL,0
4785-NKHCX,20
3196-NVXLZ,30
6275-YDUVO,80
0036-IHMOT,
0115-TFERT,90
4178-EGMON,
4220-TINQT,
5318-YKDPV,
7975-TZMLR,0
0295-QVKPB,20
4335-BSMJS,0
2311-QYMUQ,90
3643-AHCFP,80
9146-JRIOX,10
3104-OWCGK,90
5337-IIWKZ,0
9101-BWFSS,90
9650-VBUOG,0
3487-EARAT,
2672-TGEFF,10
9231-ZJYAM,80
4250-WAROZ,0
8184-WMOFI,
6982-SSHFK,50
6092-QZVPP,0
4625-LAMOB,0
0727-BMPLR,90
0392-BZIUW,
1038-ZAGBI,0
6549-NNDYT,20
3027-ZTDHO,90
0422-OHQHQ,0
6916-HIJSE,
2316-ESMLS,0
9778-OGKQZ,
7408-OFWXJ,
6007-TCTST,
2252-NKNSI,
8713-IGZSO,20
7905-TVXTA,20
7695-PKLCZ,
2382-BCKQJ,80
8374-UULRV,
2207-NHRJK,60
3224-DFQNQ,0
5275-PMFUT,
4795-UXVCJ,0
9777-IQHWP,
0947-MUGVO,50
9944-HKVVB,70
4124-MMETB,90
3671-SHRSP,60
0979-MOZQI,
2732-ISEZX,10
3313-QKNKB,30
0323-XWWTN,0
1937-OTUKY,10
1573-LGXBA,
1764-VUUMT,0
5073-WXOYN,90
4713-ZBURT,
3050-GBUSH,70
0207-MDKNV,40
7876-AEHIG,
7945-HLKEA,0
9342-VNIMQ,10
9851-KIELU,60
3523-BRGUW,0
3908-BLSYF,70
3199-NPKCN,
5170-PTRKA,0
4661-NJEUX,50
2123-AGEEN,60
1258-YMZNM,0
0048-LUMLS,0
7549-MYGPK,90
5898-IGSLP,0
3804-RVTGV,90
6259-WJQLC,20
9227-LUNBG,60
7997-EASSD,0
0730-KOAVE,0
8975-SKGRX,
0678-RLHVP,
4315-MURBD,90
2267-FPIMA,0
1051-GEJLJ,10
9734-YWGEX,80
2719-BDAQO,90
5285-MVEHD,
0379-DJQHR,
0781-LKXBR,80
5543-QDCRY,40
0297-RBCSG,0
4694-PHWFW,10
0835-JKADZ,
1907-UBQFC,50
7508-SMHXL,30
3865-YIOTT,
5993-BQHEA,0
6024-RUGGH,
6513-EECDB,80
3956-CJUST,20
4079-WWQQQ,
6103-BOCOU,40
5149-TGWDZ,0
7471-WNSUF,0
8942-DBMHZ,0
4301-VVZKA,50
9199-PWQVC,
4824-GUCBY,0
5393-HJZSM,0
7074-IEVOJ,80
9625-QSTYE,90
0862-PRCBS,
8812-ZRHFP,0
5146-CBVOE,10
0454-OKRCT,0
5787-KXGIY,
4750-ZRXIU,80
4198-VFOEA,0
6630-UJZMY,80
5709-LVOEQ,0
6400-BWQKW,30
2692-AQCPF,
0347-UBKUZ,10
0835-DUUIQ,0
0811-GSDTP,20
7567-ECMCM,20
6115-ZTBFQ,
6353-BRMMA,0
6680-WKXRZ,80
6231-WFGFH,10
9904-EHEVJ,0
7028-DVOIQ,80
6169-PPETC,0
4208-UFFGW,60
8584-KMVXD,10
8467-WYNSR,10
0851-DFJKB,10
5382-SOYZL,10
9448-REEVD,50
3261-CQXOL,
8388-FYNPZ,20
4002-BQWPQ,0
5651-YLPRD,30
2826-DXLQO,50
4378-BZYFP,0
9489-UTFKA,10
4849-PYRLQ,0
9117-SHLZX,70
9889-TMAHG,90
4541-RMRLG,30
7764-BDPEE,10
3429-IFLEM,
3158-MOERK,90
7294-TMAOP,80
5002-GCQFH,0
0556-FJEGU,
8919-FYFQZ,30
0604-THJFP,
2834-JRTUA,80
5875-YPQFJ,80
5879-SESNB,40
6646-QVXLR,90
6461-PPAXN,0
3318-ISQFQ,10
1106-HRLKZ,0
2483-XSSMZ,0
8603-IJWDN,90
8165-ZJRNM,
9369-XFEHK,60
2604-XVDAM,20
3717-OFRTN,40
9046-JBFWA,0
3280-NMUVX,0
1206-EHBDD,0
8361-LBRDI,0
4883-KCPZJ,0
9108-EQPNQ,0
7277-KAMWT,0
3842-IYKUE,50
6641-XRPSU,40
1374-DMZUI,90
2545-LXYVJ,
3234-VKACU,30
8357-EQXFO,70
1989-PRJHP,70
8120-JDCAM,50
8917-FAEMR,0
7047-YXDMZ,0
2858-EIMXH,0
9524-EGPJC,60
6993-OHLXR,70
8818-XYFCQ,90
6419-ZTTLE,0
0929-HYQEW,20
6614-YOLAC,
7426-RHZGU,40
4065-JJAVA,40
4695-VADHF,90
3863-IUBJR,40
7649-SIJJF,
9361-YNQWJ,0
3748-FVMZZ,50
9391-TTOYH,0
1452-XRSJV,0
3422-WJOYD,0
8242-SOQUO,60
7460-ITWWP,10
7147-AYBAA,30
7868-TMWMZ,
4822-RVYBB,90
6732-FZUGP,0
8436-BJUMM,60
4184-TJFAN,70
8329-GWVPJ,30
1352-VHKAJ,0
4145-UQXUQ,60
2632-TACXW,
8146-QQKZH,
1767-CJKBA,0
6445-TNRXS,
4581-LNWUM,20
4869-EPIUS,40
9948-YPTDG,90
1236-WFCDV,90
1915-OAKWD,0
7296-PIXQY,50
4883-QICIH,50
3354-OADJP,0
3524-WQDSG,0
0810-DHDBD,0
4026-SKKHW,40
2829-HYVZP,0
8329-IBCTI,20
1271-SJBGZ,90
3845-JHAMY,40
7013-PSXHK,10
5669-SRAIP,70
5981-ITEMU,90
3486-NPGST,0
6941-PMGEP,70
1624-WOIWJ,90
2074-GKOWZ,80
0376-YMCJC,40
6100-FJZDG,0
4829-ZLJTK,
1730-VFMWO,10
7143-BQIBA,10
3800-LYTRK,0
0634-SZPQA,90
9646-NMHXE,0
7030-NJVDP,0
5536-RTPWK,90
8883-GRDWQ,0
6166-ILMNY,80
3097-NNSPB,60
7771-ZONAT,0
0655-RBDUG,90
2111-DWYHN,30
4194-WHFCB,0
4121-AGSIN,0
4361-BKAXE,90
9845-PEEKO,0
0455-XFASS,70
0301-KOBTQ,0
1751-NCDLI,0
4367-NUYAO,0
9878-TNQGW,80
9170-ARBTB,0
4441-NIHPT,90
8999-BOHSE,90
7241-AJHFS,0
7029-RPUAV,90
4546-FOKWR,50
9036-CSKBW,0
5832-TRLPB,0
8590-YFFQO,
8659-IOOPU,
1338-CECEE,0
7439-DKZTW,90
4646-QZXTF,20
4607-CHPCA,70
9742-XOKTS,0
6921-OZMFH,30
9578-FOMUK,20
4712-UYOOI,10
8824-RWFXJ,50
7722-CVFXN,0
8717-VCTXJ,0
7363-QTBIW,70
4159-NAAIX,
0971-QIFJK,
9397-TZSHA,0
3391-JSQEW,0
0343-QLUZP,
9763-PDTKK,70
2176-LVPNX,
7627-JKIAZ,40
3312-UUMZW,40
1271-UODNO,0
8461-EFQYM,0
6900-RBKER,0
6891-JPYFF,0
1459-QNFQT,
1047-NNCBF,20
3696-XRIEN,0
4081-DYXAV,30
0074-HDKDG,0
8791-GFXLZ,20
8111-SLLHI,90
0927-LCSMG,50
9330-DHBFL,0
0098-BOWSO,10
3452-ABWRL,20
5859-HZYLF,0
8257-RZAHR,20
5293-WXJAK,90
3156-QLHBO,10
2208-NQBCT,0
1779-PWPMG,
6621-NRZAK,
0831-JNISG,0
0774-IFUVM,10
3082-WQRVY,0
9553-DLCLU,0
1641-BYBTK,0
2460-NGXBJ,40
2446-ZKVAF,10
0841-NULXI,90
3522-CDKHF,20
1430-SFQSA,0
0411-EZJZE,40
7851-WZEKY,90
8844-TONUD,90
8807-ARQET,0
8992-CEUEN,20
4320-QMLLA,30
8777-PVYGU,0
8292-ITGYJ,0
6870-ZWMNX,
0621-CXBKL,0
5268-DSMNQ,
5334-JLAXU,40
4086-YQSNZ,80
6242-MBHPK,0
5868-CZJDR,50
9359-UGBTK,
0135-NMXAP,90
4782-OSFXZ,
6479-OAUSD,0
7129-ACFOG,20
4189-NAKJS,10
5562-BETPV,10
1282-IHQAC,0
9127-FHJBZ,
6270-OMFIW,90
1641-RQDAY,0
0107-WESLM,60
6994-ORCWG,0
1346-UFHAX,20
3992-YWPKO,70
2933-XEUJM,
0125-LZQXK,90
5461-QKNTN,0
4835-YSJMR,0
8399-YNDCH,80
3164-YAXFY,0
0887-WBJVH,50
4660-IRIBM,0
5673-FSSMF,70
7670-ZBPOQ,0
8089-UZWLX,
0080-OROZO,0
3916-NRPAP,50
6807-SIWJI,0
8221-HVAYI,
1579-KLYDT,70
5232-NXPAY,0
8967-SZQAS,0
4468-KAZHE,70
0455-ENTCR,0
8944-AILEF,10
5542-NKVRU,0
7126-RBHSD,40
5370-IIVVL,0
6789-HJBWG,20
3927-NLNRY,90
9087-EYCPR,0
6791-YBNAK,20
6358-LYNGM,80
6077-BDPXA,60
0013-MHZWF,20
5494-HECPR,90
8268-YDIXR,0
9824-BEMCV,60
1373-ORVIZ,40
4291-SHSBH,50
6980-IMXXE,
9866-QEVEE,50
9897-KXHCM,50
0040-HALCW,0
0784-GTUUK,0
7979-CORPM,90
2294-DMMUS,0
0872-JCPIB,10
3055-MJDSB,40
9091-WTUUY,
1618-CFHME,80
3165-HDOEW,70
6581-NQCBA,90
7115-IRDHS,
8496-DMZUK,20
2040-VZIKE,0
9068-VPWQQ,
0178-SZBHO,0
0384-RVBPI,0
1689-MRZQR,60
1299-AURJA,
4525-VZCZG,0
1543-LLLFT,
5835-BEQEU,80
2788-CJQAQ,0
5565-FILXA,70
0319-QZTCO,30
2120-SMPEX,0
0096-FCPUF,0
0668-OGMHD,30
5552-ZNFSJ,70
2223-KAGMX,20
6507-ZJSUR,0
9408-HRXRK,0
5593-SUAOO,0
7321-PKUYW,60
2833-SLKDQ,60
6766-HFKLA,
7595-EUIVN,80
7617-EYGLW,20
2026-TGDHM,70
9220-ZNKJI,0
4030-VPZBD,70
2226-ICFDO,0
0723-VSOBE,10
5529-GIBVH,0
4187-CINZD,90
9992-UJOEL,40
4741-WWJQZ,60
6625-UTXEW,20
6818-WOBHJ,90
6244-BESBM,20
1004-NOZNR,0
1251-STYSZ,40
2612-PHGOX,
2408-TZMJL,90
8480-PPONV,
8780-IHCRN,
4598-ZADCK,0
1257-SXUXQ,20
9681-KYGYB,0
7182-OVLBJ,
5095-ETBRJ,
7005-CYUIL,
4821-WQOYN,
4730-AWNAU,0
3452-FLHYD,0
2388-LAESQ,
9531-NSBMR,0
6260-ONULR,40
4389-UEFCZ,
8711-LOBKY,0
9134-CEQMF,90
8985-OOPOS,10
8800-ZKRFW,0
2616-FLVQC,0
9968-FFVVH,
3108-PCCGG,
7993-PYKOF,40
8390-FESFV,
3022-BEXHZ,
5027-XWQHA,40
6248-TKCQV,
6729-GDNGC,20
6198-ZFIOJ,70
5989-OMNJE,0
4566-QVRRW,50
1291-CUOCY,
9795-SHUHB,50
3230-IUALN,
0042-RLHYP,
8519-IMDHU,70
4945-RVMTE,0
0201-OAMXR,90
1866-NXPSP,0
3372-KWFBM,70
7831-QGOXH,60
6393-WRYZE,90
3941-XTSKM,0
1661-CZBAU,0
6599-RCLCJ,80
9831-BPFRI,50
5158-RIVOP,0
9788-YTFGE,0
9277-JOOMO,20
1907-YLNYW,10
1725-MIMXW,50
8947-YRTDV,
3161-ONRWK,
0114-RSRRW,20
4565-NLZBV,
0031-PVLZI,20
7206-GZCDC,90
6682-VCIXC,0
4791-QRGMF,90
6475-VHUIZ,10
3910-MRQOY,0
0661-WCQNQ,0
7537-RBWEA,50
4656-CAURT,
0121-SNYRK,0
1768-ZAIFU,90
4671-LXRDQ,50
3733-LSYCE,10
6265-FRMTQ,0
1934-SJVJK,50
3838-OZURD,90
1371-DWPAZ,0
9269-CQOOL,60
2017-CCBLH,0
7690-KPNCU,
0536-BGFMZ,0
2293-IJWPS,
2845-HSJCY,90
5469-NUJUR,0
1184-PJVDB,70
2625-TRCZQ,0
4102-HLENU,
7266-GSSJX,10
7722-VJRQD,
7073-QETQY,0
9415-DPEWS,60
5624-RYAMH,20
0196-JTUQI,50
7130-YXBRO,
9272-LSVYH,40
7943-RQCHR,80
3793-MMFUH,70
3249-ZPQRG,60
2568-BRGYX,60
3084-DOWLE,
1084-MNSMJ,
7721-JXEAW,80
7249-WBIYX,80
4238-HFHSN,10
6250-CGGUN,0
5478-JJVZK,0
7596-IIWYC,0
6567-HOOPW,90
9793-WECQC,0
4291-HPAXL,50
8999-YPYBV,
1839-FBNFR,0
3164-AALRN,40
3071-MVJCD,
1697-BCSHV,0
0562-KBDVM,
1131-SUEKT,0
3717-OEAUQ,50
4538-WNTMJ,0
3334-CTHOL,60
4704-ERYFC,50
9432-RUVSL,
8060-HIWJJ,
7684-XSZIY,0
9089-UOWJG,10
8621-MNIHH,80
8039-ACLPL,
9885-AIBVB,10
1934-MKPXS,0
2592-YKDIF,30
2272-JKMSI,
0471-LVHGK,90
9518-RWHZL,90
8714-CTZJW,70
3569-EDBPQ,40
3131-NWVFJ,0
7521-YXVZY,10
5419-CONWX,70
6240-EURKS,50
2373-NTKOD,20
1970-KKFWL,0
6960-HVYXR,90
9337-SRRNI,0
0895-UADGO,0
5678-VFNEQ,
5977-CKHON,30
7024-OHCCK,90
2692-BUCFV,0
7861-UVUFT,90
1830-GGFNM,
5302-BDJNT,0
5223-UZAVK,
4859-ZSRDZ,
5651-WYIPH,10
9350-VLHMB,0
3498-LZGQZ,0
8785-CJSHH,0
5357-TZHPP,80
3870-SPZSI,
0680-DFNNY,40
7560-QRBXH,0
7077-XJMET,20
8752-GHJFU,
6896-SRVYQ,20
7767-UXAGJ,70
4652-ODEVH,0
6510-UPNKS,0
6718-BDGHG,0
9046-DQMTP,0
6439-LAJXL,10
1571-SAVHK,90
9052-VKDUW,
9546-CQJSU,80
1666-JZPZT,0
5777-KJIRB,0
0506-LVNGN,70
7677-SJJJK,0
2480-EJWYP,0
3253-HKOKL,20
7055-HNEOJ,50
5514-YQENT,
3211-AAPKX,20
8445-DNBAE,60
2951-QOQTK,70
2958-NHPPS,0
6806-YDEUL,30
1735-XMJVH,30
6890-PFRQX,50
0222-CNVPT,0
5899-OUVKV,0
8681-ICONS,0
1621-YNCJH,10
3473-XIIIT,90
6362-QHAFM,0
7893-IXHRQ,40
3070-BDOQC,
2952-QAYZF,90
6234-PFPXL,10
9824-QCJPK,0
4763-PGDPO,60
4283-IVYCI,0
1866-OBPNR,70
8205-MQUGY,40
8970-ANWXO,10
9480-BQJEI,
5394-SVGJV,60
6979-TNDEU,10
9777-WJJPR,0
9283-LZQOH,70
7079-QRCBC,90
9495-SKLKD,40
6048-UWKAL,
5067-DGXLL,10
5469-CTCWN,90
9851-QXEEQ,90
6281-FKEWS,0
8898-KASCD,0
9242-TKFSV,
9290-SHCMB,30
0743-HNPFG,0
2277-BKJKN,
9809-IMGCQ,90
5208-HFSBT,60
5035-PGZXH,0
8695-WDYEA,40
6543-JXSOO,0
8016-ZMGMO,
8605-ITULD,20
3254-YRILK,90
6416-YJTTB,10
2667-WYLWJ,10
4472-VESGY,0
3195-TQDZX,20
3128-YOVTD,0
0529-ONKER,40
1728-CXQBE,
7041-TXQJH,0
5014-GSOUQ,0
5724-BIDBU,0
0481-SUMCB,0
1769-GRUIK,30
5240-IJOQT,90
8819-WFGGJ,
7427-AUFPY,0
2811-POVEX,0
1092-GANHU,30
7898-PDWQE,
9972-EWRJS,0
9314-IJWSQ,60
0661-XEYAN,80
5799-JRCZO,0
1921-KYSAY,0
6198-RTPMF,20
2924-KHUVI,0
1925-GMVBW,10
7881-EVUAD,60
6184-DYUOB,30
9207-ZPANB,0
5766-XQXMQ,90
9327-QSDED,20
1656-DRSMG,
3012-VFFMN,10
2984-AFWNC,40
0640-YJTPY,
8096-LOIST,20
9764-REAFF,0
3703-VAVCL,70
7107-UBYKY,10
4881-GQJTW,0
8519-QJGJD,0
7876-DNYAP,
7905-NJMXS,0
2882-WDTBA,
2091-GPPIQ,
6326-MTTXK,70
5071-FBJFS,30
2796-UUZZO,0
2429-AYKKO,
9798-OPFEM,0
0330-IVZHA,60
3794-NFNCH,0
5193-QLVZB,
7114-AEOZE,0
2886-KEFUM,90
5522-NYKPB,20
4237-RLAQD,70
9957-YODKZ,80
6518-KZXCB,0
2245-ADZFJ,0
7776-QGYJC,20
9313-QOLTZ,0
9651-GTSAQ,90
3186-BAXNB,70
4672-FOTSD,10
0637-YLETY,90
9818-XQCUV,10
7338-ERIVA,0
1157-BQCUW,80
8259-NFJTV,20
3223-DWFIO,50
2660-EMUBI,90
6968-GMKPR,20
4751-ERMAN,
1436-ZMJAN,20
3292-PBZEJ,40
0799-DDIHE,40
3070-FNFZQ,0
2812-SFXMJ,30
7675-OZCZG,60
5014-WUQMG,
5312-TSZVC,0
2003-CKLOR,90
0993-OSGPT,0
9254-RBFON,80
1205-WNWPJ,20
9391-EOYLI,70
7108-DGVUU,0
2782-JEEBU,10
5127-BZENZ,0
2720-FVBQP,50
9906-NHHVC,
4522-XRWWI,0
3766-EJLFL,
5939-SXWHM,0
8152-UOBNY,0
7351-KYHQH,0
7643-RCHXS,0
8246-SHFGA,10
8387-MOJJT,60
0620-XEFWH,10
6485-QXWWE,
2761-OCIAX,70
7321-VGNKU,70
5327-CNLUQ,
7552-KEYGT,0
5816-JMLGY,
3068-OMWZA,90
2927-QRRQV,0
6032-KRXXO,90
7459-RRWQZ,90
6265-SXWBU,
7941-RCJOW,0
6374-NTQLP,
4154-AQUGT,90
2387-KDZQY,0
3584-WKTTW,40
3399-BMLVW,
1971-DTCZB,
3092-IGHWF,90
3374-PZLXD,0
3813-DHBBB,
2812-REYAT,0
6518-PPLMZ,0
4939-KYYPY,0
8017-LXHFA,90
5930-GBIWP,
6022-KOUQO,60
6352-TWCAU,70
2361-UPSND,0
6035-RIIOM,20
2929-QNSRW,90
1262-OPMFY,60
9504-DSHWM,0
5035-BVCXS,20
6267-DCFFZ,10
3533-UVMOM,50
2439-LYPMQ,0
4248-QPAVC,80
1899-VXWXM,80
1478-VPOAD,50
9995-HOTOH,
2988-PLAHS,30
1371-OJCEK,0
4999-IEZLT,0
8883-ANODQ,0
4690-LLKUA,60
2351-RRBUE,0
5980-BDHPY,
1498-DQNRX,0
9469-WEJBT,0
3331-HQDTW,90
9490-DFPMD,70
2581-VKIRT,
5442-XSDCW,60
7426-WEIJX,10
2851-MMUTZ,0
3049-NDXFL,90
8580-AECUZ,90
3307-TLCUD,20
6625-FLENO,0
2967-MXRAV,10
7963-GQRMY,40
8189-HBVRW,0
4163-KIUHY,0
1228-FZFRV,90
3500-NSDOA,
1171-TYKUR,0
3761-FLYZI,
2058-DCJBE,60
5364-XYIRR,90
4829-AUOAX,90
1219-NNDDO,70
8388-DMKAE,0
4403-BWPAY,0
9659-QEQSY,0
5405-ZMYXQ,70
5047-LHVLY,80
1442-OKRJE,
4737-AQCPU,
9158-VCTQB,90
2808-CHTDM,0
6311-UEUME,60
0793-TWELN,30
3283-WCWXT,0
1060-ENTOF,
0999-QXNSA,20
5451-MHQOF,0
4836-WNFNO,
9225-BZLNZ,
0354-VXMJC,0
4422-QVIJA,10
9365-SRSZE,40
6839-ITVZJ,30
8332-OSJDW,0
4735-BJKOU,0
0274-JKUJR,0
5740-YHGTW,
8917-SZTTJ,0
1696-MZVAU,10
7359-WWYJV,
0375-HVGXO,80
4906-ZHGPK,0
8593-WHYHV,80
3795-GWTRD,
1298-PHBTI,0
6223-DHJGV,0
6961-MJKBO,0
6097-EQISJ,90
4423-YLHDV,90
8158-WPEZG,30
0107-YHINA,90
4918-FYJNT,0
0727-BNRLG,
4854-CIDCF,50
8640-SDGKB,60
3280-MRDOF,0
6435-SRWBJ,70
9964-WBQDJ,
6303-KFWSL,0
1702-CCFNJ,0
8932-CZHRQ,
0386-CWRGM,0
5515-RUGKN,20
0404-AHASP,
7279-NMVJC,0
2081-VEYEH,30
6407-UTSLV,80
4116-TZAQJ,30
9060-HJJRW,0
2587-YNLES,0
7398-SKNQZ,70
5935-FCCNB,40
1958-RNRKS,20
5136-RGMZO,0
8345-MVDYC,
8226-BXGES,
3877-JRJIP,60
8375-DKEBR,90
9705-IOVQQ,80
1015-OWJKI,30
7511-YMXVQ,70
2040-XBAVJ,
7551-JOHTI,20
8887-IPQNC,20
8646-JCOMS,
9804-ICWBG,80
1222-KJNZD,0
0106-GHRQR,10
5318-IXUZF,80
3768-VHXQO,0
8952-WCVCD,
2418-TPEUN,0
3963-RYFNS,
3198-VELRD,90
8540-ZQGEA,0
1320-REHCS,0
4137-JOPHL,
9436-ZBZCT,60
7801-CEDNV,0
2057-BOYKM,
3658-QQJYD,
1803-BGNBD,90
0134-XWXCE,0
6950-TWMYB,0
5848-FHRFC,0
2243-FNMMI,0
2511-MORQY,0
5356-KZCKT,0
9470-XCCEM,0
6519-CFDBX,70
3902-MIVLE,
0409-WTMPL,
8763-KIAFH,0
3669-WHAFY,
3055-VTCGS,0
3144-KMTWZ,10
7279-BUYWN,90
7156-MHUGY,40
7198-GLXTC,80
2007-QVGAW,0
5207-PLSTK,40
2307-FYNNL,
5605-XNWEN,
2155-AMQRX,10
6181-AXXYF,
5091-HFAZW,50
0516-VRYBW,0
2519-LBNQL,
8623-ULFNQ,10
8380-PEFPE,80
5687-DKDTV,10
1568-LJSZU,
7530-HDYDS,90
7789-HKSBS,
7416-CKTEP,0
2586-CWXVV,10
3096-IZETN,50
2348-KCJLT,0
8401-EMUWF,0
4193-IBKSW,
5377-NDTOU,
5922-ABDVO,70
2474-LCNUE,10
0839-QNXME,0
3506-OVLKD,0
9172-ANCRX,90
6650-VJONK,50
2178-PMGCJ,20
7492-TAFJD,0
2773-MADBQ,
6016-LVTJQ,0
7860-KSUGX,
8966-KZXXA,0
6910-HADCM,90
4816-LXZYW,70
9606-PBKBQ,70
5149-QYTTU,
2070-XYMFH,10
2085-BOJKI,0
0817-HSUSE,50
5442-PPTJY,0
1927-QEWMY,
1663-MHLHE,20
5663-QBGIS,
4450-MDZFX,0
6701-DHKWQ,10
7554-AKDQF,40
3536-IQCTX,60
4911-BANWH,60
8496-EJAUI,40
0794-YVSGE,
5423-BHIXO,10
6908-VVYHM,0
2959-EEXWB,0
1839-UMACK,0
3030-YDNRM,70
7321-KKSDU,0
3402-XRIUO,0
3132-TVFDZ,90
8286-AFUYI,40
8080-DDEMJ,70
8356-WUAOJ,70
6365-MTGZX,80
1349-WXNGG,50
8058-DMYRU,0
9350-ZXYJC,0
6990-YNRIO,90
8958-JPTRR,20
6959-GQEGV,0
3173-WSSUE,
1265-HVPZB,
4115-UMJFQ,0
7369-TRPFD,0
1098-KFQEC,0
7190-XHTWJ,0
0621-TWIEM,60
3537-RYBHH,0
2485-ITVKB,80
3669-OYSJI,60
1612-EOHDH,70
6702-OHFWR,80
5296-BFCYD,0
4510-PYUSH,90
9359-JANWS,
7517-SAWMO,40
4143-HHPMK,90
3279-DYZQM,
7054-LGEQW,60
0523-VNGTF,0
9575-IWCAZ,0
7105-MXJLL,0
7064-FRRSW,0
7940-UQQUG,0
0923-PNFUB,40
3961-SXAXY,50
7010-BRBUU,0
3566-HJGPK,70
3062-ICYZQ,0
9938-PRCVK,0
0973-KYVNF,
5129-HHMZC,
9637-CDTKZ,
3946-JEWRQ,50
7873-CVMAW,
0463-WZZKO,10
3494-JCHRQ,80
6474-FVJLC,90
4524-QCSSM,0
5832-EXGTT,0
8840-DQLGN,90
2039-JONDJ,0
7217-JYHOQ,10
6695-FRVEC,
4547-LYTDD,50
9894-QMIMJ,0
8069-YQQAJ,30
6770-XUAGN,70
4193-ORFCL,70
1636-NTNCO,60
3466-WAESX,10
9281-PKKZE,10
3638-VBZTA,
7459-IMVYU,20
7776-QWNFX,10
6689-TCZHQ,70
8563-OYMQY,10
0754-EEBDC,0
5777-ZPQNC,0
1951-IEYXM,
3318-NMQXL,60
3143-ILDAL,90
1022-RKXDR,0
2361-FJWNO,0
2272-UOINI,20
8232-UTFOZ,
3750-YHRYO,0
6637-KYRCV,50
5668-MEISB,
0129-QMPDR,0
7188-CBBBA,
5356-CSVSQ,40
3221-CJMSG,0
4720-VSTSI,90
3219-JQRSL,
2801-NISEI,10
3946-MHCZW,80
4623-ZKHLY,0
6732-VAILE,
8201-AAXCB,20
7696-CFTAT,0
1845-CSBRZ,40
2123-VSCOT,
6651-AZVTJ,80
4566-GOLUK,90
2484-DGXPZ,20
2018-QKYGT,90
2792-VPPET,20
7409-JURKQ,
3247-MHJKM,50
1964-SVLEA,0
4587-NUKOX,40
7297-DVYGA,0
2239-CGBUZ,0
0854-UYHZD,0
7243-LCGGZ,30
8267-KFGYD,40
4890-VMUAV,
9261-WDCAF,50
3764-MNMOI,0
7442-YGZFK,50
0420-BWTPW,30
8229-BUJHX,0
7449-HVPIV,0
5504-WSIUR,
8183-ONMXC,80
8466-PZBLH,
9614-RMGHA,90
8735-IJJEG,10
0564-MUUQK,0
5054-IEXZT,80
5834-ASPWA,80
0701-RFGFI,0
0019-EFAEP,
5619-PTMIK,10
3737-XBQDD,10
5882-CMAZQ,30
5846-QFDFI,0
4445-KWOKW,0
3511-APPBJ,0
7967-HYCDE,50
2430-RRYUW,30
3948-XHGNA,10
3723-BFBGR,10
0565-IYCGT,80
5447-WZAFP,0
5110-CHOPY,0
5445-UTODQ,70
4425-OWHWB,0
7892-QVYKW,40
9675-ICXCT,
1024-VRZHF,70
4703-MQYKT,0
9497-QCMMS,90
5692-ICXLW,0
0602-DDUML,
2208-MPXIO,0
1960-UYCNN,60
0348-SDKOL,90
3190-FZATL,0
7336-RLLRH,0
4373-MAVJG,90
8901-HJXTF,20
7710-JSYOA,
5419-KLXBN,10
3424-NMNBO,90
9885-MFVSU,0
4514-GFCFI,70
0607-MVMGC,0
3365-SAIGS,40
9828-AOQLM,80
8022-BECSI,0
8000-REIQB,80
9993-LHIEB,
0266-CLZKZ,
7615-ESMYF,70
3858-VOBET,70
7020-OZKXZ,30
3977-QCRSL,10
0017-DINOC,0
1447-PJGGA,80
8565-CLBZW,90
9139-WQQDY,80
0224-HJAPT,60
8086-OVPWV,80
9430-FRQOC,70
7639-OPLNG,
3074-GQWYX,80
1492-QGCLU,0
6845-RGTYS,90
7328-OWMOM,0
4418-LZMSV,0
5155-AZQPB,0
8861-HGGKB,80
1087-GRUYI,0
7065-YUNRY,70
7694-VLBWQ,90
2546-KZAAT,
0181-RITDD,
5989-PGKJB,40
4795-KTRTH,70
8272-ONJLV,0
1488-PBLJN,
0308-GIQJT,
3778-FOAQW,0
4452-ROHMO,0
6481-OGDOO,90
3090-LETTY,10
5349-AZPEW,40
3753-TSEMP,90
8305-VHZBZ,60
9720-JJJOR,0
8100-HZZLJ,0
8775-ERLNB,70
8309-IEYJD,80
9172-JITSM,90
6298-QDFNH,80
7398-HPYZQ,
3546-GHEAE,0
7361-YPXFS,0
6557-BZXLQ,30
2550-QHZGP,0
7519-JTWQH,20
2538-OIMXF,50
8543-MSDMF,30
9961-JBNMK,90
1170-SASML,0
4872-JCVCA,
5346-BZCHP,0
2038-LLMLM,60
6173-ITPWD,90
9734-UYXQI,70
1216-BGTSP,0
4138-NAXED,10
2189-UXTKY,90
0744-BIKKF,
7483-IQWIB,60
5248-KWLAR,
4958-GZWIY,60
7996-MHXLW,0
7833-PKIHD,0
7061-OVMIM,0
5153-RTHKF,60
1852-QSWCD,
4832-VRBMR,
9079-LWTFD,
6356-ELRKD,70
8624-GIOUT,90
3392-EHMNK,
5986-WWXDV,0
3061-BCKYI,0
6179-GJPSO,90
7901-TBKJX,0
7228-PAQPD,0
3177-LASXD,70
7746-QYVCO,0
5804-HYIEZ,
9919-FZDED,
5934-TSSAU,10
3486-KHMLI,0
4897-QSUYC,60
1084-UQCHV,90
8290-YWKHZ,90
2955-BJZHG,60
3806-DXQOM,90
6784-XYJAE,0
3933-DQPWX,0
6661-EIPZC,10
8957-THMOA,0
2251-PYLPB,
5555-RNPGT,10
1057-FOGLZ,0
9300-RENDD,90
0761-AETCS,40
8087-LGYHQ,50
4137-BTIKL,50
2190-BCXEC,40
6227-FBDXH,
2153-MREFK,90
2911-WDXMV,10
7206-PQBBZ,60
3106-ULWFW,80
0925-VYDLG,70
4547-FZJWE,0
7422-WNBTY,0
0842-IWYCP,10
3521-HTQTV,0
3744-ZBHON,20
3373-DIUUN,0
8383-SGHJU,0
7607-QKKTJ,
7707-PYBBH,0
8984-HPEMB,
4349-GFQHK,80
4139-DETXS,
9779-DPNEJ,40
9805-FILKB,0
5793-YOLJN,0
0673-IGUQO,30
4123-FCVCB,10
8819-IMISP,60
7802-EFKNY,60
8311-UEUAB,0
5858-EAFCZ,50
8035-BUYVG,90
1163-ONYEY,0
9787-XVQIU,80
8945-MUQUF,80
5656-MJEFC,0
6082-OQFBA,0
8051-HJRLT,80
8974-OVACP,30
4010-YLMVT,0
1379-FRVEB,20
8612-GXIDD,0
6288-CHQJB,0
8160-HOWOX,20
3023-GFLBR,60
6648-INWPS,10
4223-BKEOR,0
4079-VTGLK,
1763-WQFUK,50
1391-UBDAR,20
8894-JVDCV,
2023-VQFDL,0
1345-GKDZZ,0
2014-MKGMH,0
5628-FCGYG,60
2560-WBWXF,
0248-IPDFW,60
7978-DKUQH,20
4335-UPJSI,0
0524-IAVZO,60
2737-YNGYW,80
1784-EZDKJ,
9297-FVVDH,
8007-YYPWD,0
7101-HRBLJ,
5159-YFPKQ,80
6635-CPNUN,0
4021-RQSNY,90
5453-YBTWV,
5039-LZRQT,0
2931-VUVJN,50
9061-TIHDA,40
8699-ASUFO,80
6418-PIQSP,0
8220-OCUFY,0
3995-WFCSM,50
1895-QTKDO,40
2038-OEQZH,50
1178-PZGAB,0
7927-AUXBZ,40
2626-VEEWG,
2878-RMWXY,
1657-DYMBM,0
7311-MQJCH,0
7375-WMVMT,
1136-XGEQU,0
2530-FMFXO,0
6844-DZKRF,40
4695-WJZUE,90
7619-ODSGN,40
5970-GHJAW,0
8879-XUAHX,
3689-MOZGR,30
4195-PNGZS,
5003-XZWWO,
3988-RQIXO,90
7622-FWGEW,40
6922-NCEDI,0
2514-GINMM,80
9891-NQDBD,0
6131-IUNXN,0
8548-AWOFC,0
9798-DRYDS,0
8532-UEFWH,0
6296-DDOOR,0
7951-VRDVK,
5931-FLJJF,60
4815-YOSUK,
2659-VXMWZ,90
0380-NEAVX,0
3207-OYBWH,90
4285-GYRQC,90
7216-EWTRS,90
4365-MSDYN,20
7036-TYDEC,
5802-ADBRC,
8076-FEZKJ,0
5197-YPYBZ,0
8337-MSSXB,90
4312-GVYNH,
8495-LJDFO,
0839-JTCUD,
5494-WOZRZ,
1302-UHBDD,10
2234-EOFPT,
8619-IJNDK,
8378-LKJAF,0
8182-BJDSI,90
2528-HFYZX,60
1153-GNOLC,0
3298-QEICA,0
0788-DXBFY,0
3597-YASZG,
3496-LFSZU,60
5242-UOWHD,0
2482-CZGBB,50
6479-SZPLM,0
8097-VBQTZ,70
4500-HKANN,0
9917-KWRBE,0
3420-ZDBMA,30
2212-LYASK,0
1393-IMKZG,70
8069-RHUXK,0
3398-GCPMU,
2908-WGAXL,0
3378-AJRAO,0
1013-QCWAM,0
0866-QLSIR,90
6050-FFXES,
7181-BQYBV,90
0362-RAOQO,0
9554-DFKIC,10
5527-ACHSO,30
0829-DDVLK,0
1399-UBQIU,10
1813-JLKWR,0
0336-PIKEI,
7322-OCWHC,
9537-VHDTA,40
4957-TIALW,0
2054-PJOCK,0
9150-HEPMB,0
9030-QGZNL,0
6204-IEUXJ,60
3126-WQMGH,10
4529-CKBCL,80
2506-CLAKW,80
7176-WRTNX,
1583-IHQZE,40
5732-IKGQH,40
9239-GZHZE,
7205-BAIAD,0
0151-ONTOV,80
4140-MUHUG,80
0093-EXYQL,0
8064-RAVOH,80
0219-QAERP,0
0320-JDNQG,90
7180-PISOG,90
9168-INPSZ,0
3571-RFHAR,90
0015-UOCOJ,30
5334-AFQJB,0
2754-SDJRD,60
9578-VRMNM,90
1587-FKLZB,90
6140-QNRQQ,70
8963-JLGJT,20
4307-KTUMW,90
1465-LNTLJ,10
5440-FLBQG,90
2135-DQWAQ,50
4056-QHXHZ,
7470-MCQTK,90
7488-MXJIV,80
7401-JIXNM,
9339-FIIJL,
2027-FECZV,90
2672-DZUOY,80
4706-DGAHW,60
3870-MQAMG,90
6670-MFRPK,0
6177-PEVRA,0
4800-CZMPC,60
4813-HQMGZ,60
7579-KKLOE,
7377-DMMRI,50
8402-EIVQS,
4947-DSMXK,0
7245-NIIWQ,60
0002-ORFBO,0
3324-OIRTO,
5414-OFQCB,0
4967-WPNCF,
8552-OBVRU,0
8499-BRXTD,0
9154-QDGTH,0
8197-BFWVU,
2577-GVSIL,0
9367-OIUXP,10
6770-UAYGJ,0
6463-HHXJR,
7928-VJYAB,20
1187-WILMM,
9776-OJUZI,0
1306-RPWXZ,0
8949-JTMAY,90
2774-LVQUS,50
3097-PYWXL,10
2266-SJNAT,
0869-PAPRP,30
4238-JSSWH,0
2972-YDYUW,0
1104-FEJAM,0
2809-ILCYT,0
5499-ECUTN,0
4981-FLTMF,0
9121-PHQSR,60
3113-IWHLC,20
3211-ILJTT,60
4612-THJBS,90
4277-BWBML,0
4094-NSEDU,90
0234-TEVTT,0
4304-TSPVK,
1552-AAGRX,0
2637-FKFSY,60
9796-MVYXX,0
7874-ECPQJ,10
0020-INWCK,
7089-RKVSZ,0
2683-JXWQQ,0
9548-ZMVTX,
8739-XNIKG,80
9755-JHNMN,
3981-QSVQI,20
2789-HQBOU,70
9424-CMPOG,0
5067-WJEUN,
3450-WXOAT,20
9251-WNSOD,
6974-DAFLI,10
2616-UUTFK,0
7064-JHXCE,
5103-MHMHY,70
7989-AWGEH,0
4373-VVHQL,60
4559-UWIHT,30
7268-IGMFD,10
1846-XWOQN,80
0235-KGSLC,90
6650-BWFRT,20
9570-KYEUA,
6993-YGFJV,
2712-SYWAY,50
0730-BGQGF,
5498-IBWPI,0
9101-NTIXF,10
0013-SMEOE,
9314-QDMDW,0
9308-ANMVE,0
2884-GBPFB,70
3757-NJYBX,90
3413-DHLPB,0
7649-PHJVR,0
6114-TCFID,0
3787-TRIAL,10
2573-GYRUU,0
5156-UMKOW,20
1247-QBVSH,0
6734-GMPVK,50
9822-OAOVB,60
6161-ERDGD,
1226-JZNKR,0
7318-EIVKO,30
3771-PZOBW,0
5136-KCKGI,90
8231-BSWXX,0
6486-LHTMA,0
4083-BFNYK,0
3722-WPXTK,80
7389-KBFIT,50
7176-WIONM,20
5141-ZUVBH,30
1089-HDMKP,10
7623-HKYRK,10
0310-SUCIN,
5197-PYEPU,90
2929-ERCFZ,90
7548-SEPYI,80
8835-VSDSE,70
6619-RPLQZ,0
3275-RHRNE,0
3503-TYDAY,20
6901-GOGZG,
1623-NLDOT,0
7021-XSNYE,0
9621-OUPYD,0
9898-KZQDZ,90
8982-NHAVY,0
4307-KWMXE,10
0141-YEAYS,10
2450-ZKEED,0
3694-DELSO,30
3893-JRNFS,0
9603-OAIHC,80
1133-KXCGE,0
5236-PERKL,90
0142-GVYSN,0
1049-FYSYG,10
7854-FOKSF,80
2519-FAKOD,90
8406-LNMHF,0
1821-BUCWY,0
8263-JQAIK,80
0023-UYUPN,0
8314-DPQHL,0
1465-WCZVT,20
9481-SFCQY,10
6360-SVNWV,30
0567-GGCAC,0
7089-IVVAZ,80
8884-MRNSU,0
2171-UDMFD,10
9050-IKDZA,70
2205-YMZZJ,80
9802-CAQUT,
1254-IZEYF,90
0187-WZNAB,20
9492-TOKRI,90
1475-VWVDO,50
9221-OTIVJ,90
1357-MVDOZ,10
7602-MVRMB,
3325-FUYCG,80
5908-QMGOE,60
1197-BVMVG,80
5406-KGRMX,0
8481-YYXWG,60
5968-HYJRZ,0
5198-EFNBM,
7516-GMHUV,
7140-ADSMJ,0
2230-XTUWL,0
7706-YLMQA,0
2585-KTFRE,30
7994-UYIVZ,80
2609-IAICY,90
1740-CSDJP,80
7717-BICXI,
6559-RAKOZ,0
2636-OHFMN,60
4716-MRVEN,0
2143-LJULT,0
1323-OOEPC,90
3200-MNQTF,
6164-HXUGH,30
5630-IXDXV,0
0320-DWVTU,
9135-MGVPY,
1212-GLHMD,20
7878-JGDKK,30
1088-AUUZZ,
0397-GZBBC,80
6614-YWYSC,0
9588-OZDMQ,60
7641-EUYET,90
6476-EPYZR,10
9921-ZVRHG,90
1174-FGIFN,0
6620-HVDUJ,10
4701-MLJPN,0
1032-MAELW,
7641-TQFHN,40
1552-TKMXS,0
9206-GVPEQ,40
8622-ZLFKO,50
1596-BBVTG,50
6188-UXBBR,0
2333-KWEWW,0
5702-SKUOB,20
1134-YWTYF,10
6061-GWWAV,
0679-TDGAK,0
6585-WCEWR,
9067-YGSCA,0
9067-SQTNS,0
8433-WXGNA,50
1776-SPBWV,0
8735-SDUFN,
9668-PUGNU,0
9405-GPBBG,
1926-QUZNN,
3707-GNWHM,80
7016-NVRIC,0
5829-NVSQN,0
9565-AXSMR,0
8922-LIEGH,90
8869-LIHMK,
8245-UMPYT,70
5186-SAMNZ,90
0447-RXSGD,0
4927-WWOOZ,80
5788-YPOEG,
5373-SFODM,70
0661-KBKPA,0
9081-WWXKP,0
0784-ZQJZX,
3133-PZNSR,
5766-ZJYBB,40
8931-GJJIQ,80
4277-PVRAN,70
0022-TCJCI,90
0722-SVSFK,50
3612-YVGSJ,0
9825-YCXWZ,0
5397-NSKQG,0
8565-HBFNN,
2000-DHJUY,
0203-HHYIJ,10
8670-ERCJH,
7758-UJWYS,0
2050-ONYDQ,
7055-JCGNI,
0739-UUAJR,
4826-DXMUP,0
0952-KMEEH,60
7285-KLOTR,0
0654-PQKDW,
7175-NTIXE,0
7963-SHNDT,
9796-BPKIW,40
0188-GWFLE,10
8129-GMVGI,0
2882-DDZPG,10
3547-LQRIK,0
9137-NOQKA,40
5843-TTHGI,10
1849-RJYIG,10
8868-GAGIO,0
4061-UKJWL,50
5380-XPJNZ,0
8263-QMNTJ,
8178-EYZUO,80
3230-JCNZS,
0277-ORXQS,
5130-IEKQT,90
3230-WYKIR,80
7996-BPXHY,0
3227-WLKLI,
0407-BDJKB,80
2266-FUBDZ,0
8237-ULIXL,
9600-UDOPK,90
8216-AZUUZ,30
9153-BTBVV,
4074-SJFFA,70
3269-ATYWD,60
5186-PEIZU,0
1074-AMIOH,0
4910-GMJOT,90
0354-WYROK,90
4361-FEBGN,0
7748-UMTRK,0
0380-ZCSBI,10
7145-FEJWU,30
6463-MVYRY,
3969-JQABI,20
9624-EGDEQ,0
1051-EQPZR,0
5849-ASHZJ,0
5780-INQIK,40
7576-OYWBN,80
4526-ZJJTM,0
8384-FZBJK,0
3750-RNQKR,10
0962-CQPWQ,
3096-YXENJ,
1265-BCFEO,
5837-LXSDN,0
5945-AZYHT,0
8325-QRPZR,40
6384-VMJHP,
2262-SLNVK,70
7730-CLDSV,
1135-HIORI,
0164-APGRB,
6481-ESCNL,0
1790-NESIO,0
1550-EENBN,0
5539-TMZLF,90
4323-SADQS,50
4446-BZKHU,90
5202-IVJNU,20
5976-JCJRH,70
8198-RKSZG,10
0137-OCGAB,70
3351-NQLDI,90
9297-EONCV,
7593-JNWRU,40
4588-YBNIB,50
1069-QJOEE,0
3336-JORSO,90
7799-DSEWS,0
8766-PAFNE,
5315-CKEQK,20
3130-ICDUP,30
0820-FNRNX,0
0880-FVFWF,0
4611-ANLQC,
4213-HKBJO,0
2792-LSHWX,70
5028-GZLDO,60
0014-BMAQU,
6861-XWTWQ,90
9018-PCIOK,0
4837-QUSFT,
6877-TJMBR,80
9953-ZMKSM,
0907-HQNTS,
7665-NKLAV,0
6769-DCQLI,90
2433-KMEAS,50
4391-LNRXK,0
8250-ZNGGW,20
2195-ZRVAX,80
3550-SAHFP,90
2011-TRQYE,90
8562-GHPPI,30
5893-PYOLZ,20
4986-MXSFP,10
6131-FOYAS,0
3027-YNWZU,0
5609-IMCGG,0
4873-ILOLJ,90
4727-MCYZG,50
9481-WHGWY,
2725-KXXWT,80
9565-DJPIB,90
4328-VUFWD,0
3301-LSLWQ,0
7473-ZBDSN,0
3166-PNEOF,
5639-NTUPK,10
8780-YRMTT,
8348-HFYIV,90
5140-FOMCQ,0
6242-SGYTS,
8166-ORCHU,0
8414-OOEEL,
8454-AATJP,
6849-WLEYG,40
4659-NZRUF,90
4531-AUZNK,0
4191-XOVOM,0
2150-OEGBV,0
8429-XIBUM,90
1855-CFULU,10
4878-BUNFV,0
1872-EBWSC,0
2608-BHKFN,60
7026-YMSBE,0
7341-LXCAF,80
6997-UVGOX,
9674-EHPPG,0
9462-MJUAW,50
8128-YVJRG,10
5440-VHLUL,0
5781-BKHOP,
4283-FUTGF,50
5213-TWWJU,0
1569-TTNYJ,80
8628-MFKAX,
2397-BRLOM,70
7629-WIXZF,0
5445-GLVOT,30
3976-HXHCE,
2466-NEJOJ,10
0254-KCJGT,0
5472-CVMDX,
6461-SZMCV,
8150-QUDFX,30
9508-ILZDG,0
2346-DJQTB,30
1697-LYYYX,0
1942-OQFRW,40
4749-VFKVB,60
9640-ZSLDC,0
4231-LZUYM,
7598-UAASY,80
7938-OUHIO,70
8510-AWCXC,90
6128-AQBMT,0
3594-BDSOA,0
0431-APWVY,80
5133-VRSAB,10
5996-DAOQL,30
6838-YAUVY,
0484-JPBRU,0
7883-ROJOC,10
0244-LGNFY,
7274-CGTOD,
4295-YURET,0
3426-NIYYL,40
8225-BTJAU,60
4635-EJYPD,0
1866-ZSLJM,0
4636-TVXVG,0
4236-UJPWO,60
9392-XBGTD,
3387-VATUS,90
6402-SSEJG,0
1143-NMNQJ,90
1169-SAOCL,0
1110-KYLGQ,
9929-PLVPA,10
3518-PZXZQ,60
2371-JUNGC,10
7693-QPEFS,10
0924-BJCRC,0
5074-FBGHB,
2351-BKRZW,
4455-BFSPD,0
0415-MOSGF,40
1724-BQUHA,70
3948-KXDUF,
2323-ARSVR,
0815-MFZGM,
4826-XTSOH,90
5480-XTFFL,0
8295-FHIVV,10
2495-INZWQ,70
9086-YJYXS,0
1179-INLAT,0
7909-FIOIY,10
4139-SUGLD,30
6857-VWJDT,90
6351-SCJKT,20
5468-BPMMO,10
5624-BQSSA,50
0197-PNKNK,0
2439-QKJUL,10
1194-SPVSP,40
9534-NSXEM,0
2408-WITXK,80
8929-KSWIH,0
2250-IVBWA,0
1810-MVMAI,0
9506-UXUSK,50
1229-RCALF,
3572-UOLYZ,20
1429-UYJSV,0
5577-OTWWW,30
6100-QQHEB,90
6366-XIVKZ,0
3470-OBUET,
2770-NSVDG,10
9375-MHRRS,30
2634-HCZGT,20
7503-QQRVF,60
4860-YZGZM,10
6599-GZWCM,0
2691-NZETQ,80
4404-HIBDJ,60
5533-NHFRF,30
7037-MTYVW,
4760-THGOT,0
7295-JOMMD,90
4016-BJKTZ,0
6584-VQMYT,0
9838-BFCQT,
2790-XUYMV,0
0581-MDMPW,10
5013-SBUIH,90
1023-BQXZE,
9163-GHAYE,10
3904-UKFRE,30
5353-WILCI,0
0709-TVGUR,80
0058-EVZWM,0
6023-YEBUP,90
7209-JCUDS,90
7009-PCARS,0
0519-DRGTI,0
1017-FBQMM,
3001-CBHLQ,90
1985-MBRYP,0
6158-DWPZT,50
9372-TXXPS,
3259-QMXUN,
1015-JPFYW,0
6645-MXQJT,40
4360-QRAVE,0
8433-WPJTV,
5804-JMYIO,0
3763-GCZHZ,90
6484-LATFU,0
7599-NTMDP,0
0772-GYEQQ,50
0536-ACXIP,
0936-NQLJU,0
4831-EOBFE,80
1575-KRZZE,10
3251-YMVWZ,10
4102-OQUPX,90
9170-GYZJC,90
4884-LEVMQ,0
8857-CUPFQ,
7610-TVOPG,20
3638-DIMPH,0
1845-ZLLIG,50
8559-WNQZS,0
3999-QGRJH,40
1699-UOTXU,
2454-RPBRZ,90
0635-WKOLD,0
5993-JSUWV,
4518-FZBSX,0
5387-ASZNZ,0
6988-CJEYV,0
2002-MZHWP,40
3097-FQTVJ,0
5465-BUBFA,0
7299-GNVPL,0
9743-DQKQW,50
1215-VFYVK,20
9371-BITHB,0
2265-CYWIV,90
9093-FPDLG,20
0541-FITGH,10
6985-HAYWX,30
7508-KBIMB,0
6838-HVLXG,0
2277-DJJDL,0
1897-OKVMW,
5485-ITNPC,
0233-FTHAV,0
4644-PIZRT,0
8922-NPKBJ,0
2740-TVLFN,50
7771-CFQRQ,0
9512-PHSMG,0
6963-EZQEE,
2452-KDRRH,0
2004-OCQXK,90
5027-QPKTE,50
4146-SVFUD,50
1564-HJUVY,20
3617-XLSGQ,
7517-LDMPS,40
7244-KXYZN,0
5226-NOZFC,10
2672-HUYVI,70
1400-WIVLL,0
7508-MYBOG,70
8148-NLEGT,0
0148-DCDOS,90
8347-GDTMP,
9992-RRAMN,70
6746-WAUWT,0
0310-MVLET,90
0428-IKYCP,0
4550-VBOFE,90
2187-PKZAY,40
4003-OCTMP,0
6652-YFFJO,30
7225-IILWY,
5248-RPYWW,
7923-IYJWY,
3170-GWYKC,0
5696-QURRL,60
7409-KIUTL,80
9830-ECLEN,20
1732-VHUBQ,50
0495-RVCBF,90
2668-TZSPS,30
7854-EDSSA,70
8869-TORSS,60
7446-SFAOA,0
9522-ZSINC,0
8234-GSZYK,0
6505-OZNPG,0
6164-HAQTX,
0679-IDSTG,90
7765-LWVVH,
1658-TJVOA,40
0953-LGOVU,10
2115-BFTIW,20
4692-NNQRU,10
7742-MYPGI,40
0611-DFXKO,90
7780-OTDSO,90
9619-GSATL,0
5622-UEJFI,0
9747-DDZOS,80
0674-DGMAQ,0
6203-HBZPA,
0484-FFVBJ,0
0301-FIDRB,
4139-JPIAM,0
2181-TIDSV,
2761-XECQW,30
1936-CZAKF,0
9453-PATOS,
0564-JJHGS,80
3348-CFRNX,90
4402-FTBXC,0
1428-GTBJJ,60
2931-XIQBR,0
0106-UGRDO,
5542-TBBWB,80
1930-QPBVZ,
2606-PKWJB,
5322-ZSMZY,0
8059-UDZFY,0
7740-BTPUX,
5220-AGAAX,
0208-BPQEJ,30
9435-JMLSX,
3352-ALMCK,0
5312-IRCFR,0
5294-IMHHT,0
8802-UNOJF,90
6313-GIDIT,80
6176-YJWAS,
5310-NOOVA,0
4526-EXKKN,0
5311-IHLEI,10
3987-KQDDU,20
3404-JNXAX,50
5131-PONJI,0
2845-AFFTX,90
3489-VSFRD,0
3345-JHUEO,10
5815-HGGHV,0
5260-UMPWX,0
2249-YPRNG,90
7410-YTJIK,40
4626-GYCZP,80
5649-RXQTV,0
2674-MIAHT,60
2576-HXMPA,10
7587-AOVVU,40
5590-BYNII,90
6898-MDLZW,20
3237-AJGEH,60
4707-YNOQA,0
9357-UJRUN,10
1591-NFNLQ,30
8648-PFRMP,50
7663-CUXZB,
0258-NOKBL,20
1163-VIPRI,
2815-CPTUL,50
9348-ROUAI,
9443-JUBUO,
0596-BQCEQ,90
1481-ZUWZA,80
3043-TYBNO,20
4830-FAXFM,0
5906-BFOZT,40
2960-NKRSO,0
8996-ZROXE,0
5598-IKHQQ,
0397-ZXWQF,0
5266-PFRQK,0
4674-HGNUA,
6765-MBQNU,0
9786-IJYDL,0
1303-SRDOK,0
3769-MHZNV,0
6295-OSINB,0
3308-MHOOC,40
2309-OSFEU,60
2207-QPJED,0
4177-JPDFU,10
2239-CFOUJ,0
8046-DNVTL,
2209-XADXF,60
6620-JDYNW,0
1891-FZYSA,90
4770-UEZOX,60
1038-RQOST,0
7613-LLQFO,70
4568-TTZRT,0
9513-DXHDA,0
2640-PMGFL,60
3801-HMYNL,70
0516-QREYC,0
9685-WKZGT,70
6022-UGGSO,70
8084-OIVBS,0
8896-BQTTI,20
3865-QBWSJ,10
3352-RICWQ,0
2160-GPFXD,0
2065-MMKGR,0
5857-TYBCJ,0
1498-NHTLT,
4484-CGXFK,40
1402-PTHGN,0
4176-RELJR,0
6214-EDAKZ,30
5199-FPUSP,0
6377-KSLXC,10
1796-JANOW,10
0238-WHBIQ,
8735-NBLWT,0
6651-RLGGM,
6127-ISGTU,70
1614-JBEBI,0
8740-XLHDR,40
1208-DNHLN,30
1761-AEZZR,90
3923-CSIHK,60
5696-EXCYS,0
5795-KTGUD,
7120-RFMVS,90
7924-GJZFI,40
4702-HDRKD,
8512-WIWYV,0
5897-ZYEKH,0
5456-ITGIC,
7317-GGVPB,80
1406-PUQVY,50
1322-AGOQM,50
3677-IYRBF,90
5692-FPTAH,70
9114-AAFQH,0
8715-KKTFG,
1550-LOAHA,90
1728-BQDMA,50
0268-QKIWO,40
0876-WDUUZ,60
5117-ZSMHQ,
5151-HQRDG,0
0960-HUWBM,
6465-GSRCL,0
0617-FHSGK,50
0263-FJTQO,0
7319-ZNRTR,0
2858-MOFSQ,0
7503-EPSZW,0
7089-XXAYG,0
8118-LSUEL,90
8070-AAWZP,0
1666-JXLKU,0
7855-DIWPO,40
5133-POWUA,70
5652-MSDEY,40
7005-CCBKV,90
1810-BOHSY,
1784-BXEFA,0
7351-MHQVU,10
9224-VTYID,
9500-IWPXQ,
5762-TJXGK,
4504-YOULA,0
5569-IDSEY,
4250-FDVOU,10
7284-ZZLOH,0
5277-ZLOOR,90
2141-RRYGO,90
1777-JYQPJ,40
6376-GAHQE,80
3401-URHDA,0
1599-EAHXY,0
8631-XVRZL,0
5052-PNLOS,90
3853-LYGAM,10
6979-ZNSFF,80
5751-USDBL,
5680-LQOGP,
2386-LAHRK,70
8189-DUKMV,0
6032-IGALN,70
9931-DCEZH,0
1898-JSNDC,10
0315-LVCRK,10
3911-RSNHI,
2410-CIYFZ,0
4248-HCETZ,90
5505-OVWQW,0
7271-AJDTL,30
1867-TJHTS,0
0516-WJVXC,30
9174-FKWZE,60
6860-YRJZP,70
4429-WYGFR,10
2817-LVCPP,0
5038-ETMLM,
5056-FIMPT,20
4521-WFJAI,0
6569-KTMDU,20
8809-RIHDD,80
8809-XKHMD,
0396-YCHWO,0
0867-LDTTC,30
4822-NGOCH,90
9391-DXGGG,0
9844-FELAJ,
2122-SZZZD,0
5307-DZCVC,60
3148-AOIQT,0
8679-JOEVF,40
8395-ETZKQ,0
6692-YQHXC,40
3889-VWBID,
5222-JCXZT,10
9754-CLVZW,10
1432-FPAXX,50
2739-CCZMB,0
7080-TNUWP,
0496-AHOOK,0
8336-TAVKX,
2468-SJFLM,70
3181-VTHOE,0
7168-HDQHG,10
4803-AXVYP,90
3884-HCSWG,60
4567-AKPIA,
5077-DXTCG,70
1142-WACZW,50
7901-HXJVA,10
5649-ANRML,80
4892-VLANZ,50
5924-IFQTT,0
7968-QUXNS,10
2919-HBCJO,80
4236-XPXAV,80
8903-WMRNW,20
2452-SNHFZ,10
3629-WEAAM,10
6029-CSMJE,20
7993-NQLJE,10
9909-DFRJA,0
9099-FTUHS,50
0581-BXBUB,20
4962-CHQPW,0
9467-ROOLM,0
3030-YZADT,30
7410-KTVFV,10
5150-ITWWB,70
2253-KPMNB,
1345-ZUKID,0
6429-SHBCB,0
9281-OFDMF,0
2603-HVKCG,0
1834-WULEG,0
9097-ZUBYC,20
5148-ORICT,
4893-GYUJU,0
4578-PHJYZ,0
7272-QDCKA,0
8908-SLFCJ,0
8393-DLHGA,90
9766-HGEDE,0
6968-MHOMU,0
7395-IGJOS,50
5044-XDPYX,0
1814-WFGVS,
2834-SPCJV,80
3721-WKIIL,0
6734-CKRSM,10
1265-ZFOSD,
6568-POCUI,0
7890-VYYWG,80
5197-LQXXH,
9907-SWKKF,70
3457-PQBYH,0
7682-AZNDK,0
0587-DMGBH,30
5384-ZTTWP,10
3745-HRPHI,
7636-OWBPG,40
1231-YNDEK,0
1407-DIGZV,0
6397-JNZZG,90
0570-BFQHT,20
4393-OBCRR,0
3523-QRQLL,80
8564-LDKFL,
3696-DFHHB,
0895-DQHEW,90
4717-GHADL,
5501-TVMGM,70
5879-HMFFH,
6772-WFQRD,0
3810-DVDQQ,
6972-SNKKW,0
3694-GLTJM,20
8550-XSXUQ,0
8149-RSOUN,90
9055-MOJJJ,0
4359-INNWN,0
0585-EGDDA,10
4032-RMHCI,0
0549-CYCQN,0
3481-JHUZH,30
7250-EQKIY,80
3594-IVHJZ,10
6869-FGJJC,0
3896-ZVNET,0
8205-VSLRB,
5960-MVTUK,60
6817-WTYHE,50
3082-VQXNH,40
4013-UBXWQ,60
4931-TRZWN,20
0750-EKNGL,0
7669-LCRSD,20
3567-PQTSO,
5519-NPHVG,70
8043-PNYSD,
9938-EKRGF,0
2703-AMTUL,0
0928-JMXNP,80
8173-RXAYP,0
4825-XJGDM,
5402-HTOTQ,0
6734-JDTTV,
7850-THJMU,0
3890-RTCMS,20
8849-GYOKR,70
3148-BLQJT,50
3717-FDJFU,0
3665-JATSN,20
7966-YOTQW,10
0461-CVKMU,90
8806-EAGWC,50
8853-TZDGH,
7779-LGOVN,80
4324-BZCKL,10
6924-TDGMT,0
9710-ZUSHQ,90
1536-YHDOE,0
8123-QBNAZ,20
3629-ZNKXA,30
4827-LTQRJ,0
7711-YIJWC,
5482-VXSXJ,0
7365-BVCJH,80
9620-ENEJV,50
4183-WCSEP,40
2378-YIZKA,
5498-TXHLF,90
0689-DSXGL,0
6818-DJXAA,20
9722-UJOJR,60
0464-WJTKO,
8902-ZEOVF,0
6778-EICRF,0
2662-NNTDK,0
4132-KALRO,90
3902-FOIGH,90
6772-KSATR,70
7112-OPOTK,90
2874-YXVVA,0
1245-HARPS,0
4210-QFJMF,80
4323-ELYYB,0
4293-ETKAP,
6064-PUPMC,0
6504-VBLFL,0
6322-PJJDJ,
0330-BGYZE,
1085-LDWAM,0
7586-ZATGZ,40
7197-VOJMM,
3318-OSATS,90
5828-AVIPD,80
1843-TLSGD,0
9626-VFRGG,0
7075-BNDVQ,20
9143-CANJF,10
7284-BUYEC,50
2041-JIJCI,20
1086-LXKFY,90
4900-MSOMT,
2229-VWQJH,0
9194-GFVOI,
1336-EZFZY,0
4282-MSACW,
1403-LKLIK,0
2636-ALXXZ,90
7774-OJSXI,80
7786-WBJYI,80
0136-IFMYD,
5144-TVGLP,0
9643-AVVWI,60
0253-ZTEOB,
2706-QZIHY,0
6061-PQHMK,0
9885-CSMWE,90
6137-MFAJN,0
9122-UMROB,30
4232-JGKIY,10
2402-TAIRZ,0
9659-ZTWSM,
9139-TWBAS,0
6685-GBWJZ,
5016-ETTFF,50
3866-MDTUB,30
2195-VVRJF,10
3913-RDSJZ,
8058-JMEQO,80
4203-QGNZA,0
5043-TRZWM,80
0697-ZMSWS,80
7657-DYEPJ,60
9494-BDNNC,
1640-PLFMP,80
5366-OBVMR,10
8276-MQBYC,90
7644-OMVMY,0
7593-XFKDI,60
4573-JKNAE,0
0337-CNPZE,80
9817-APLHW,10
8380-MQINP,0
0840-DFEZH,50
1513-XNPPH,90
8690-ZVLCL,
6015-VVHHE,80
1125-SNVCK,0
0384-LPITE,
4616-EWBNJ,0
6347-DCUIK,70
1335-HQMKX,
2545-EBUPK,90
6923-AQONU,
2172-EJXVF,
0897-FEGMU,90
7663-RGWBC,50
1120-BMWUB,30
9124-LHCJQ,90
4536-PLEQY,40
7029-IJEJK,0
8871-JLMHM,10
2235-ZGKPT,60
3891-PUQOD,70
5447-VYTKW,0
3623-FQBOX,0
0689-NKYLF,90
8659-HDIYE,0
3658-KIBGF,90
3474-BAFSJ,
5519-YLDGW,90
3865-ZFZIB,0
1855-AGAWH,0
7109-CQYUZ,
1370-GGAWX,0
4680-KUTAJ,20
5307-UVGNB,0
4946-EDSEW,40
2883-ILGWO,0
2516-VQRRV,80
7580-UGXNC,40
3642-BYHDO,
9629-NHXFW,30
2696-RZVZW,0
5766-FTRTS,
0396-HUJBP,20
5178-LMXOP,90
8879-ZKJOF,
6285-FTQBF,
8185-UPYBR,70
4585-HETAI,70
7526-BEZQB,90
1474-JUWSM,0
3530-CRZSB,0
8498-XXGWA,20
9617-INGJY,80
0621-TSSMU,0
7234-KMNRQ,10
7636-PEPNS,0
4683-WYDOU,
9052-DHNKM,0
6794-HKIAJ,
5578-NKCXI,
1642-HMARX,
3096-WPXBT,
8434-PNQZX,0
5950-AAAGJ,30
4299-OPXEJ,0
4951-UKAAQ,80
9618-LFJRU,10
6693-DJWTY,0
0744-GKNGE,0
6447-EGDIV,0
1167-OYZJF,
2108-YKQTY,40
4806-DXQCE,0
4918-QLLIW,60
7056-IMHCC,80
4854-SSLTN,0
5294-DMSFH,0
4837-PZTIC,0
1625-JAIIY,40
0603-OLQDC,0
3272-VUHPV,10
4176-FXYBO,
1063-DHQJF,
8663-UPDGF,0
6719-FGEDO,
1837-YQUCE,
2947-DOMLJ,40
4112-LUEIZ,60
0369-ZGOVK,20
4510-HIMLV,90
9919-KNPOO,0
8749-JMNKX,90
7872-BAAZR,10
9391-LMANN,
2430-USGXP,90
8174-TBVCF,
1698-XFZCI,
1877-HKBQX,0
4450-DLLMH,50
0428-AXXLJ,0
2746-DIJLO,0
5955-ERIHD,90
0917-EZOLA,70
3508-VLHCZ,
4086-ATNFV,0
0468-YRPXN,0
5996-NRVXR,
3739-YBWAB,0
7047-FWEYA,0
2000-MPKCA,
9762-YAQAA,0
5949-EBSQK,40
5473-KHBPS,
0100-DUVFC,
5397-TUPSH,0
8950-MTZNV,60
0326-VDYXE,
6773-LQTVT,10
7274-RTAPZ,80
0436-TWFFZ,
8566-YPRGL,20
0311-UNPFF,90
6609-MXJHJ,0
2669-OIDSD,0
8400-WZICQ,0
3834-XUIFC,70
9576-SYUHJ,0
0410-IPFTY,30
2831-EBWRN,60
9430-NKQLY,
8414-MYSHR,70
0247-SLUJI,50
9402-ORRAH,30
6483-OATDN,10
1293-HHSHJ,0
4840-ORQXB,0
7599-FKVXZ,90
3982-DQLUS,0
8610-ZIKJJ,0
3756-VNWDH,0
7801-KICAO,50
7673-LPRNY,0
8229-TNIQA,50
6060-QBMGV,
7339-POGZN,60
2828-SLQPF,10
4465-VDKIQ,0
2921-XWDJH,30
6221-AVQYL,70
2558-BUOZZ,
9257-AZMTZ,0
0003-MKNFE,20
0975-UYDTX,0
7743-EXURX,60
4682-BLBUC,0
0975-VOOVL,30
5968-VXZLG,60
5569-KGJHX,80
4988-IQIGL,90
5201-FRKKS,20
9799-CAYJJ,70
7730-IUTDZ,50
0426-TIRNE,50
5443-SCMKX,
8295-KMENE,
6738-ISCBM,0
9821-BESNZ,0
3678-MNGZX,
1335-NTIUC,60
2916-BQZLN,10
4558-CGYCZ,20
2368-GAKKQ,
8710-YGLWG,60
3199-XGZCY,60
3785-KTYSH,0
6814-ZPWFQ,0
4063-EIKNQ,10
6993-YCOBK,
5206-HPJKM,10
7587-RZNME,50
0748-RDGGM,90
8393-JMVMB,20
5019-GQVCR,60
6036-TTFYU,20
2550-AEVRU,0
0969-RGKCU,0
0378-CJKPV,
4706-AXVKM,70
5889-JTMUL,80
9026-RNUJS,60
3746-EUBYR,90
2332-EFBJY,30
2880-FPNAE,80
1703-MGIAB,10
4311-QTTAI,0
9474-PHLYD,90
4318-RAJVY,0
2165-VOEGB,90
3612-YUNGG,
2254-DLXRI,70
5062-CJJKH,0
9028-LIHRP,
2219-MVUSO,30
1053-MXTTK,
1530-ZTDOZ,0
1301-LOPVR,0
0853-TWRVK,
8914-RBTSB,90
6212-ATMLK,0
8200-LGKSR,
1568-BEKZM,
0670-ANMUU,
6897-RWMUB,
0963-ZBDRN,90
7594-RQHXR,90
6999-CHVCF,
6134-KWTBV,0
1077-HUUJM,50
6331-EWIEB,60
0895-LNKRC,0
2045-BMBTJ,50
8417-GSODA,0
5171-EPLKN,0
4452-QIIEB,20
5998-VVEJY,60
1624-NALOJ,80
6741-EGCBI,40
7820-ZYGNY,0
4317-VTEOA,70
9677-AVKED,0
1670-SVOWZ,40
2227-JRSJX,10
9847-HNVGP,0
6696-YDAYZ,0
8980-WQFWL,0
1730-ZMAME,50
6506-EYCNH,10
4634-JLRJT,40
9501-UKKNL,0
2560-QTSBS,0
7541-YLXCL,90
4795-WRNVT,0
6080-TCMYC,20
0260-ZDLGK,50
7860-UXCRM,
6357-JJPQT,60
2292-XQWSV,0
9552-TGUZV,20
5913-INRQV,0
8722-NGNBH,90
6210-KBBPI,80
9643-YBLUR,10
8734-FNWVH,10
9447-YPTBX,0
0133-BMFZO,60
6128-CZOMY,70
9540-JYROE,40
9026-LHEVG,10
2260-USTRB,80
3656-TKRVZ,90
7011-CVEUC,0
6185-TASNN,70
7925-PNRGI,0
8623-TMRBY,90
1552-CZCLL,10
3038-PQIUY,0
1501-SGHBW,60
9313-CDOGY,0
8148-BPLZQ,10
2623-DRYAM,
9987-LUTYD,0
3208-YPIOE,40
4488-KQFDT,70
2612-RANWT,90
5693-PIPCS,
0491-KAPQG,50
1925-LFCZZ,0
8039-EQPIM,
6900-PXRMS,90
8707-RMEZH,
3346-BRMIS,20
3209-ZPKFI,0
6479-VDGRK,
9373-WSLOY,0
2933-FILNV,60
3569-JFODW,
9819-FBNSV,40
9544-PYPSJ,
1591-XWLGB,
0396-UKGAI,10
3243-ZHOHY,0
5186-EJEGL,10
7527-QNRUS,0
9986-BONCE,30
2722-JMONI,70
2203-GHNWN,20
3878-AVSOQ,80
3258-SYSWS,
5296-PSYVW,0
6319-QSUSR,10
4083-EUGRJ,10
7579-OOPEC,60
0512-FLFDW,
1771-OADNZ,90
0487-CRLZF,0
2107-FBPTK,0
9451-WLYRI,0
8219-VYBVI,0
1991-VOPLL,10
9738-QLWTP,0
1016-DJTSV,40
9419-IPPBE,0
0174-QRVVY,
5699-BNCAS,
2900-PHPLN,
0612-RTZZA,80
8106-GWQOK,
8751-EDEKA,0
6878-GGDWG,10
4039-PIMHX,0
8450-LUGUK,0
3604-WLABM,40
0795-GMVQO,0
2259-OUUSZ,10
1142-IHLOO,0
6410-LEFEN,50
4633-MKHYU,40
6257-RJOHI,40
1545-JFUML,
3194-ORPIK,30
7826-VVKWT,0
1353-GHZOS,10
2587-EKXTS,0
5442-BXVND,10
8816-VXNZD,80
9378-FXTIZ,60
1723-HKXJQ,90
7825-GKXMW,70
9753-OYLBX,20
2364-UFROM,20
6656-JWRQX,40
6473-ULUHT,0
1240-KNSEZ,60
0836-SEYLU,50
4433-JCGCG,90
3716-BDVDB,90
7688-AWMDX,
2842-BCQGE,30
7244-QWYHG,0
5899-MQZZL,50
6849-OYAMU,30
5312-UXESG,0
9488-HGMJH,80
6038-GCYEC,80
2150-WLKUW,0
7159-FVYPK,40
7032-LMBHI,10
1150-WFARN,90
6088-BXMRG,0
3144-AUDBS,60
4821-SJHJV,0
7346-MEDWM,10
1137-DGOWI,0
5616-PRTNT,20
3812-LRZIR,0
4818-QIUFN,60
9483-GCPWE,0
4227-OJHAL,
9220-CXRSC,
4993-JCRGJ,0
9537-JALFH,
6698-OXETB,0
2103-ZRXFN,70
3724-BSCVH,0
4877-TSOFF,0
9209-NWPGU,0
6961-VCPMC,60
7306-YDSOI,
5288-AHOUP,50
6688-UZPWD,90
0655-YDGFJ,0
8468-EHYJA,0
6823-SIDFQ,0
1097-FSPVW,0
2839-RFSQE,10
8328-SKJNO,10
7010-ZMVBF,0
5201-CBWYG,0
0968-GSIKN,80
1965-DDBWU,50
9057-SIHCH,90
6352-GIGGQ,
3635-QQRQD,0
6771-XWBDM,90
2897-DOVND,70
3082-YVEKW,0
0191-EQUUH,0
7134-HBPBS,
3489-HHPFY,80
2926-JEJJC,0
8601-QACRS,50
4950-BDEUX,0
5789-LDFXO,0
0508-OOLTO,60
2984-TBYKU,
9822-WMWVG,0
2391-SOORI,40
9040-KZVWO,0
2645-QTLMB,70
4806-HIPDW,90
1548-ARAGG,40
6339-RZCBJ,
4424-TKOPW,80
4415-WNGVR,0
2522-AHJXR,
0412-UCCNP,0
1816-FLZDK,30
7096-UCLNH,40
8443-ZRDBZ,80
9136-ALYBR,70
4615-PIVVU,0
8885-QSQBX,20
7479-NITWS,70
8617-ENBDS,50
9385-NXKDA,
0430-IHCDJ,50
2959-MJHIC,80
6674-KVJHG,0
1814-DKOLC,20
4201-JMNGR,70
9351-HXDMR,20
3537-HPKQT,20
2129-ALKBS,0
5821-MMEIL,0
5960-WPXQM,90
0684-AOSIH,70
8260-NGFNY,40
1309-XGFSN,0
1866-RZZQS,90
6968-URWQU,0
4742-TXUEX,0
9631-XEYKE,60
8631-NBHFZ,80
1335-MXCSE,0
8873-TMKGR,0
8800-JOOCF,60
1469-LBJQJ,
4958-XCBDQ,90
8337-UPOAQ,90
0064-YIJGF,20
2386-OWURY,0
1725-IQNIY,70
0310-VQXAM,20
6598-RFFVI,10
3453-RTHJQ,50
6712-OAWRH,80
6278-FEPBZ,10
4280-DLSHD,20
1508-DFXCU,50
8614-VGMMV,60
7868-BGSZA,0
2800-QQUSO,0
2930-UOTMB,80
7973-DZRKH,
5914-DVBWJ,50
7698-YFGEZ,40
2533-QVMSK,90
9773-PEQBZ,30
8644-XLFBW,70
0650-BWOZN,30
8625-AZYZY,90
7785-RDVIG,30
9602-WCXPI,0
2903-YYTBW,60
3620-MWJNE,30
8573-JGCZW,0
6837-HAEVO,
6701-YVNQG,
9306-CPCBC,70
4304-XUMGI,
9504-YAZWB,0
8819-ZBYNA,
6174-NRBTZ,0
9481-IEBZY,
1833-VGRUM,90
6137-NICCO,50
9065-ZCPQX,
6402-EJMWF,20
3620-EHIMZ,0
3213-VVOLG,0
6870-ECSHE,0
8747-UDCOI,0
8374-XGEJJ,90
2656-TABEH,80
6946-LMSQS,80
4626-OZDTJ,0
9169-BSVIN,20
2325-ZUSFD,90
8194-PEEBY,0
6872-HXFNF,
3932-CMDTD,90
7714-YXSMB,0
8387-UGUSU,10
1080-BWSYE,
4039-HEUNW,90
1194-HVAIF,0
0812-WUPTB,80
3594-UVONA,30
0004-TLHLJ,70
1767-TGTKO,40
8439-LTUGF,0
8805-JNRAZ,30
5089-IFSDP,50
6418-HNFED,
0206-OYVOC,0
7291-CDTMJ,20
7128-GGCNO,20
0237-YFUTL,0
7691-KGKGP,0
6710-HSJRD,
3675-EQOZA,10
0840-DCNZE,
1732-FEKLD,0
9862-KJTYK,20
0479-HMSWA,0
5854-KSRBJ,
0365-BZUWY,80
4817-VYYWS,90
5701-SVCWR,20
3129-AAQOU,0
4922-CVPDX,
1396-QWFBJ,60
1357-BIJKI,0
1099-BTKWT,0
5299-SJCZT,90
2018-PZKMU,50
7340-KEFQE,0
4570-QHXHL,40
2403-BCASL,90
7392-YYPYJ,10
2898-LSJGD,80
2223-GDSHL,
7359-PTSXY,70
9470-RTWDV,0
2176-OSJUV,
9348-YVOMK,40
8104-OSKWT,30
4521-YEEHE,50
4090-KPJIP,70
3786-WOVKF,
4503-BDXBD,10
6086-ESGRL,90
2592-HODOV,0
3886-CERTZ,70
7995-ZHHNZ,0
3824-RHKVR,10
5816-SCGFC,10
5989-AXPUC,
4979-HPRFL,0
8590-OHDIW,0
8015-IHCGW,
2332-TODQS,0
9278-VZKCD,
8008-OTEZX,0
2773-OVBPK,
5999-LCXAO,20
5206-XZZQI,0
4803-LBYPN,0
5759-RCVCB,60
6372-RFVNS,90
2139-FQHLM,0
8261-GWDBQ,
1093-YSWCA,0
8938-UMKPI,80
0991-BRRFB,30
3882-IYOIJ,
8749-TZYEC,
1755-FZQEC,0
3115-JPJDD,0
5600-KTXFM,60
3871-IKPYH,90
6319-IEJWJ,90
9025-AOMKI,90
6339-TBELP,
7964-YESJC,0
6173-GOLSU,0
5275-SQEIZ,80
7716-YTYHG,40
9938-ZREHM,0
7950-XWOVN,0
4390-KYULV,20
4647-MUZON,0
9702-AIUJO,0
8849-PRIQJ,
8851-RAGOV,0
1304-NECVQ,90
5396-IZEPB,10
1729-VLAZJ,0
8285-ABVLB,
0701-TJSEF,0
5712-VBOXD,10
6629-LADHQ,20
8945-GRKHX,90
1559-DTODC,20
4797-MIWUM,10
6959-UWKHF,70
8720-RQSBJ,50
4537-CIBHB,0
3815-SLMEF,20
5154-VEKBL,90
4324-AHJKS,10
4355-CVPVS,0
4495-LHSSK,0
5655-JSMZM,90
5915-ANOEI,
9861-PDSZP,
4505-EXZHB,60
7225-CBZPL,90
6704-UTUKK,10
4587-VVTOX,80
2019-HDCZY,
4652-NNHNY,90
8788-DOXSU,0
7404-JLKQG,50
7421-ZLUPA,30
8972-HJWNV,80
3274-NSDWE,0
2632-IVXVF,
3692-JHONH,
8915-NNTRC,
5914-GXMDA,0
7463-IFMQU,
2920-RNCEZ,80
2541-YGPKE,0
8515-OCTJS,10
5382-TEMLV,10
3441-CGZJH,80
9592-ERDKV,0
2860-RANUS,60
5261-QSHQM,70
4778-IZARL,
0432-CAJZV,40
7008-LZVOZ,
8868-WOZGU,90
1200-TUZHR,80
9365-CSLBQ,
1334-FJSVR,70
5884-FBCTL,
7130-CTCUS,10
6242-FEGFD,
7625-XCQRH,60
6194-HBGQN,
7634-WSWDB,20
6986-IXNDM,20
1731-TVIUK,80
2987-BJXIK,
9769-TSBZE,
0406-BPDVR,90
0618-XWMSS,40
1395-WSWXR,0
6023-GSSXW,
6752-APNJL,0
5276-KQWHG,70
0420-HLGXF,0
7446-KQISO,0
9823-EALYC,0
0582-AVCLN,0
5803-NQJZO,
2565-JSLRY,50
2607-DHDAK,
1073-XXCZD,0
0743-HRVFF,0
4006-HKYHO,
3727-JEZTU,30
8143-ETQTI,0
6689-KXGBO,50
9667-TKTVZ,60
3657-COGMW,0
8570-KLJYJ,0
7754-IXRMC,60
9473-CBZOP,0
2969-WGHQO,0
6615-NGGZJ,90
4334-HOWRP,
4255-DDUOU,60
5863-OOKCL,10
1686-STUHN,0
1329-VHWNP,40
2984-MIIZL,70
0266-GMEAO,
5590-YRFJT,50
5574-NXZIU,
0019-GFNTW,0
4256-ZWTZI,40
8309-PPCED,
4098-NAUKP,0
5196-WPYOW,
4608-LCIMN,20
1485-YDHMM,0
4054-CUMIA,0
0603-TPMIB,0
2525-GVKQU,0
8161-QYMTT,80
9581-GVBXT,
5862-BRIXZ,
5404-GGUKR,40
3308-JSGML,
2126-GSEGL,10
3677-TNKIO,40
0440-QEXBZ,0
2434-EEVDB,
6762-QVYJO,
6199-IWKGC,0
2675-DHUTR,0
8152-VETUR,
9667-EQRXU,80
7446-YPODE,0
9522-BNTHX,0
4676-WLUHT,0
3329-WDIOK,60
7980-MHFLQ,
2873-ZLIWT,50
3415-TAILE,40
0757-WCUUZ,0
1629-DQQVB,10
1915-IOFGU,80
3045-XETSH,90
0374-AACSZ,20
7239-HZZCX,50
4872-VXRIL,0
9140-CZQZZ,
3423-HHXAO,0
9938-TKDGL,
0531-ZZJWQ,10
6537-QLGEX,30
2688-BHGOG,60
7683-CBDKJ,90
0946-CLJTI,90
3160-TYXLT,0
1325-USMEC,
0916-QOFDP,20
0628-CNQRM,10
5606-AMZBO,30
6199-IPCAO,0
7665-TOALD,90
0112-QWPNC,60
0324-BRPCJ,90
2777-PHDEI,90
5640-CAXOA,0
2235-EZAIK,
3847-BAERP,10
1196-AMORA,60
4282-YMKNA,70
1453-RZFON,20
8263-OKETD,0
0670-KDOMA,50
2476-YGEFM,50
8687-BAFGU,60
0641-EVBOJ,20
0829-XXPLX,0
9974-JFBHQ,0
5356-RHIPP,60
6624-JDRDS,20
0608-JDVEC,0
9780-FKVVF,10
1919-RTPQD,30
5214-NLTIT,
3345-PBBFH,20
5055-BRMNE,
9189-JWSHV,90
2190-PHBHR,
2650-GYRYL,0
0746-JTRFU,70
5208-FVQKB,
7184-LRUUR,0
6627-CFOSN,
3982-JGSFD,0
1574-DYCWE,0
7247-XOZPB,0
2466-FCCPT,0
6211-WWLTF,40
4826-TZEVA,10
6016-NXBNJ,0
9138-EFSMO,10
0576-WNXXC,90
4632-XJMEX,0
8910-LEDAG,20
3452-GWUIN,10
2716-GFZOR,0
3724-UCSHY,10
8626-XHBIE,0
4628-CTTLA,90
3192-LNKRK,10
4439-YRNVD,10
2876-VBBBL,50
6834-NXDCA,60
2208-UGTGR,0
3005-TYFRD,
8670-MEFCP,
3079-BCHLN,0
7777-UNYHB,10
5597-GLBUC,90
7278-CKDNC,60
2748-MYRVK,90
8450-UYIBU,10
2969-VAPYH,
4822-YCXMX,60
7181-OQCUT,0
8474-UMLNT,0
9821-POOTN,70
3836-FZSDJ,
9142-XMYJH,0
6559-ILWKJ,60
0187-QSXOE,40
7733-UDMTP,0
2649-HWLYB,
5214-CHIWJ,0
4229-CZMLL,70
6904-JLBGY,
2465-BLLEU,50
1685-VAYJF,30
8874-EJNSR,0
6917-YACBP,0
5049-MUBWG,0
4223-WOZCM,70
0769-MURVM,
9253-VIFJQ,0
7030-FZTFM,
9741-YLNTD,70
5917-RYRMG,0
5120-ZBLAI,0
1194-BHJYC,
3663-MITLP,40
0906-QVPMS,
9025-ZRPVR,20
1905-OEILC,30
7858-GTZSP,70
3285-UCQVC,40
6248-BSHKG,0
4685-TFLLS,0
3470-BTGQO,0
1209-VFFOC,
8224-DWCKX,50
5482-PLVPE,80
4553-DVPZG,0
4902-OHLSK,90
6917-IAYHD,30
0495-ZBNGW,80
8620-RJPZN,40
7572-KPVKK,
2642-MAWLJ,0
2357-COQEK,90
7103-ZGVNT,
3737-GCSPV,90
2027-WKXMW,
7137-NAXML,0
2428-ZMCTB,10
2961-VNFKL,
1768-HNVGJ,0
6963-KQYQB,
5934-RMPOV,50
1207-BLKSA,0
4088-YLDSU,70
8316-BBQAY,
1166-PQLGG,
3146-JTQHR,0
4291-YZODP,0
4395-PZMSN,70
6427-FEFIG,0
0017-IUDMW,
8706-HRADD,30
9955-QOPOY,
4385-ZKVNW,0
5446-DKWYW,0
2034-CGRHZ,90
5797-APWZC,80
3683-QKIUE,40
4228-ZGYUW,90
9031-ZVQPT,
2990-IAJSV,
8107-KNCIM,60
9027-YFHQJ,10
5176-LDKUH,0
4644-OBGFZ,0
7926-IJOOU,30
6480-YAGIY,
4029-HPFVY,50
7602-DBTOU,
5345-BMKWB,10
3519-ZKXGG,80
5457-COLHT,
6416-TVAIH,90
5451-YHYPW,
5108-ADXWO,40
7998-WNZEM,
3066-RRJIO,80
4664-NJCMS,
0307-BCOPK,0
7629-WFGLW,0
2542-HYGIQ,30
6715-OFDBP,60
5016-LIPDW,10
6481-LXPWL,0
1567-DSCIC,90
2150-UWTFY,90
6124-ACRHJ,40
9362-MWODR,0
9975-GPKZU,0
9625-RZFUK,
5153-LXKDT,
5161-UBZXI,
1020-JPQOW,0
7919-ZODZZ,0
0565-JUPYD,
6867-ACCZI,
5939-XAIXZ,0
9054-FOWNV,10
2683-BPJSO,70
2157-MXBJS,90
8207-VVMYB,
9732-EQMWY,0
9360-AHGNL,90
1087-UDSIH,30
5269-NRGDP,0
6195-MELTI,0
5485-WUYWF,50
2121-JAFOM,
8818-DOPVL,0
2632-UCGVD,90
5445-PZWGX,60
1227-UDMZR,
5198-HQAEN,0
9170-CCKOU,20
2167-FQSTQ,
2819-GWENI,0
1043-YCUTE,10
3814-MLAXC,50
3572-UUHRS,0
2692-PFYTJ,50
1226-UDFZR,50
5955-EPOAZ,10
6821-JPCDC,
8815-LMFLX,10
9135-HSWOC,
8582-KRHPJ,0
5811-IWXYM,0
7044-YAACC,60
8189-XRIKE,0
1506-YJTYT,
4123-DVHPH,40
6425-YQLLO,90
5442-UTCVD,70
2228-BZDEE,0
7734-DBOAI,60
2789-CZANW,
2091-RFFBA,60
2114-MGINA,90
7596-LDUXP,0
3740-RLMVT,
4489-SNOJF,90
2192-OZITF,0
5651-CPDND,30
2186-QZEYA,0
1131-ALZWV,10
7729-XBTWX,0
9134-WYRVP,0
3284-SVCRO,0
9732-OUYRN,0
0559-CKHUS,0
2931-SVLTV,
6899-PPEEA,90
7504-UWHNB,20
2582-FFFZR,10
8908-NMQTX,
2187-LZGPL,90
1431-AIDJQ,
6288-LBEAR,20
4597-NUCQV,90
9019-QVLZD,90
8413-YNHNV,
5808-TOTXO,0
4369-NYSCF,0
6333-YDVLT,
5324-KTGCG,0
5599-HVLTW,30
7394-LWLYN,70
3707-LRWZD,40
6873-UDNLD,0
2700-LUEVA,30
1455-ESIQH,80
0958-YHXGP,40
1101-SSWAG,50
2979-SXESE,80
4013-TLDHQ,70
5743-KHMNA,
4194-FJARJ,0
5325-UWTWJ,0
3969-GYXEL,30
9208-OLGAQ,10
3244-CQPHU,
2674-MLXMN,60
9708-HPXWZ,40
6992-TKNYO,0
4468-YDOVK,40
3754-DXMRT,60
5792-JALQC,0
7130-VTEWQ,60
2200-DSAAL,
4302-ZYFEL,0
9351-LZYGF,0
4366-CTOUZ,
6121-VZNQB,40
7903-CMPEY,90
1518-OMDIK,10
6671-NGWON,0
0595-ITUDF,
6996-KNSML,90
1955-IBMMB,0
0096-BXERS,50
3806-YAZOV,10
7998-ZLXWN,0
6253-WRFHY,20
9133-AYJZG,0
2675-OTVVJ,0
8680-CGLTP,0
8430-TWCBX,0
5018-GWURO,10
6741-QRLUP,
4737-HOBAX,
0537-QYZZN,50
3340-QBBFM,0
1704-NRWYE,70
2592-SEIFQ,60
8200-KLNYW,0
3372-CDXFJ,0
4781-ZXYGU,50
7632-YUTXB,0
2718-YSKCS,
9896-UYMIE,
0853-NWIFK,0
8212-CRQXP,40
6980-CDGFC,0
7691-XVTZH,
2520-SGTTA,0
7481-ATQQS,80
2277-VWCNI,60
1088-CNNKB,
8642-GVWRF,80
1930-BZLHI,0
3400-ESFUW,70
5868-YTYKS,40
3525-DVKFN,0
1482-OXZSY,0
0377-JBKKT,0
5778-BVOFB,20
3373-YZZYM,20
2057-ZBLPD,70
0228-MAUWC,20
5502-RLUYV,20
0023-HGHWL,90
7663-YJHSN,
4915-BFSXL,
3086-RUCRN,
5215-LNLDJ,40
7576-JMYWV,0
9039-RBEEE,90
0257-KXZGU,0
1307-ATKGB,0
8417-FMLZI,70
3714-XPXBW,0
1850-AKQEP,0
2824-DXNKN,
5227-JSCFE,
0848-ZGQIJ,10
3621-CHYVB,0
8042-RNLKO,0
1792-UXAFY,90
5372-FBKBN,0
0420-TXVSG,
6217-TOWGS,0
0515-YPMCW,80
0378-XSZPU,80
1045-LTCYT,20
1544-JJMYL,0
4636-JGAAI,0
6874-SGLHU,0
5951-AOFIH,0
4729-XKASR,50
3059-NGMXB,0
8652-YHIYU,10
5278-PNYOX,
5449-FIBXJ,30
3486-HOOGQ,
5061-PBXFW,0
8630-FJLIB,30
3891-NLXJB,0
4749-OJKQU,80
0577-WHMEV,0
5453-AXEPF,40
3639-XJHKQ,0
3716-LRGXK,
2263-SFSQZ,0
9950-MTGYX,0
3397-AVTKU,0
4825-FUREZ,0
9837-BMCLM,80
2672-OJQZP,50
0137-UDEUO,30
3134-DSHVC,
6161-UUUTA,80
7821-DPRQE,
6543-XRMYR,90
2001-EWBQU,
4925-LMHOK,20
1608-GMEWB,0
6695-AMZUF,
1455-UGQVH,90
8410-BGQXN,10
8280-MQRQN,80
1619-YWUBB,0
7611-YKYTC,30
2037-SGXHH,60
3178-FESZO,90
0365-GXEZS,10
0082-OQIQY,0
6087-MVHJH,40
4603-JANFB,90
3018-TFTSU,90
3606-SBKRY,0
4806-KEXQR,70
0667-NSRGI,0
7083-YNSKY,20
6893-ODYYE,
8242-JSVBO,30
2479-BRAMR,90
9541-ZPSEA,
2665-NPTGL,0
1139-WUOAH,
4693-VWVBO,20
7434-SHXLS,50
6937-GCDGQ,0
0988-JRWWP,50
5075-JSDKI,0
7908-QCBCA,90
8644-XYTSV,0
6711-FLDFB,70
3873-WOSBC,0
7465-ZZRVX,80
7975-JMZNT,
7251-XFOIL,0
4116-IQRFR,0
3714-JTVOV,50
8259-DZLIZ,0
0442-ZXKVS,
7853-WNZSY,20
3120-FAZKD,0
8606-OEGQZ,0
0225-ZORZP,30
4702-IOQDC,80
9489-JMTTN,
0575-CUQOV,
0967-BMLBD,0
6178-KFNHS,30
2830-LEWOA,
5006-MXVRN,0
1264-BYWMS,90
9658-WYUFB,90
8327-WKMIE,0
6917-FIJHC,
5329-KRDTM,
7797-EJMDP,10
3530-VWVGU,0
2013-SGDXK,70
6368-NWMCE,0
3633-CDBUW,0
0707-HOVVN,0
8580-QVLOC,30
3956-MGXOG,30
9274-UARKJ,30
4077-HWUYD,
2012-NWRPA,90
8808-ELEHO,80
0103-CSITQ,
3506-LCJDC,50
8671-KKKOS,0
7305-ZWMAJ,0
9518-XXBXE,30
3934-HXCFZ,90
6578-KRMAW,0
4860-IJUDE,20
7666-WKRON,10
9688-YGXVR,0
0423-UDIJQ,30
1945-XISKS,
4910-AQFFX,70
2154-KVJFF,60
5360-LJCNJ,
2607-FBDFF,40
9647-ERGBE,90
3428-XZMAZ,90
1100-DDVRV,20
0378-TOVMS,60
4355-HBJHH,90
6728-WYQBC,40
9058-CBREO,80
9029-FEGVJ,20
7216-KAOID,0
0318-QUUOB,90
6145-NNPNO,40
5520-FVEWJ,90
5339-TJFEK,
5572-ZDXHY,90
2074-GUHPQ,10
4625-XMOYM,
5827-MWCZK,0
1385-TQOZW,10
5914-XRFQB,
4329-YPDDQ,0
4804-NCPET,0
3750-CKVKH,70
5944-UGLLK,40
8063-GBATB,70
7787-BNTZM,20
2252-ISRNH,10
9415-TPKRV,0
5322-TEUJK,
4547-KQRTM,70
4877-EVATK,40
1866-DIOQZ,
8375-KVTHK,0
2697-NQBPF,0
3709-OIJEA,0
7639-SUPCW,20
1386-ZIKUV,20
0599-XNYDO,40
6377-WHAOX,
6855-VLGOS,
8999-XXGNS,0
8746-OQQRW,10
3181-MIZBN,20
0471-ARVMX,
7766-CLTIC,10
5650-YLIBA,50
0825-CPPQH,
9084-OAYKL,0
6122-LJADA,
2400-XIWIO,
7524-VRLPL,
1069-XAIEM,90
7569-NMZYQ,
5201-USSQZ,20
2105-PHWON,0
1494-EJZDW,0
4884-TVUQF,
8003-EWNDZ,20
1897-RCFUM,0
9256-JTBNZ,10
4658-HCOHW,90
2211-RMNHO,0
2432-TFSMK,0
3440-JPSCL,80
4929-ROART,0
1834-ABKHQ,0
1741-WTPON,
3932-IJWDZ,0
1240-HCBOH,0
3594-KADLU,30
8065-BVEPF,
3796-ENZGF,
1734-ZMNTZ,0
2853-CWQFQ,50
0813-TAXXS,0
2519-TWKFS,10
2889-FPWRM,80
0626-QXNGV,0
6723-CEGQI,
6987-XQSJT,60
4732-RRJZC,10
9499-XPZXM,
4338-EYCER,10
3007-FDPEA,20
6350-XFYGW,50
4290-BSXUX,80
8513-OLYGY,
0311-QYWSS,30
8705-DWKTI,20
8755-IWJHN,
0325-XBFAC,70
4480-QQRHC,50
0929-PECLO,10
3680-CTHUH,
1202-KKGFU,30
6112-KTHFQ,20
1852-XEMDW,0
2462-XIIJB,90
4760-XOHVN,50
1820-DJFPH,
9426-SXNHE,10
9068-FHQHD,0
1269-FOYWN,0
9470-YFUYI,
7817-BOQPW,80
7402-EYFXX,10
1853-UDXBW,80
9895-VFOXH,60
5458-CQJTA,70
1230-QAJDW,20
5701-ZIKJE,20
5219-YIPTK,90
5032-MIYKT,80
7396-VJUZB,50
9717-QEBGU,60
5172-RKOCB,0
6509-TSGWN,0
3540-RZJYU,90
3178-CIFOT,0
2091-MJTFX,90
4530-NDRKU,0
5985-TBABQ,0
9800-ONTFE,40
6743-HHQPF,10
8455-HIRAQ,20
6616-AALSR,
0883-EIBTI,10
9415-ZNBSX,
4018-KJYUY,0
0722-TROQR,80
7571-YXDAD,70
3884-UEBXB,
8780-RSYYU,0
5537-UXXVS,10
1791-PQHBB,20
8701-DGLVH,0
8741-LQOBK,0
3393-FMZPV,90
8082-GHXOP,10
6402-ZFPPI,90
0980-FEXWF,0
7486-KSRVI,90
3011-WQKSZ,10
8443-WVPSS,90
3006-XIMLN,90
8218-FFJDS,
1986-PHGZF,0
9965-YOKZB,80
0504-HHAPI,90
9360-OMDZZ,0
6305-YLBMM,60
0345-XMMUG,
8024-XNAFQ,0
3647-GMGDH,90
2988-GBIVW,20
2832-SCUCO,20
7036-ZZKBD,0
3791-LGQCY,90
0265-PSUAE,20
0463-TXOAK,0
0594-UFTUL,10
9509-MPYOD,0
9128-CPXKI,0
0129-KPTWJ,
8166-ZZTFS,80
5855-EIBDE,
5365-LLFYV,50
5956-YHHRX,0
6008-NAIXK,0
2956-GGUCQ,70
1928-BXYIV,20
5760-FXFVO,30
6595-COKXZ,60
0961-ZWLVI,
5181-OABFK,0
4007-NHVHI,0
7816-VGHTO,0
5871-DGTXZ,0
7550-WIQVA,10
7544-ZVIKX,0
0016-QLJIS,
7508-DQAKK,
5176-OLSKT,
9356-AXGMP,0
3556-BVQGL,0
0362-ZBZWJ,70
8979-CAMGB,0
4211-MMAZN,40
7581-EBBOU,0
4274-OWWYO,80
5073-RZGBK,
1541-ETJZO,50
2192-CKRLV,
3154-HMWUU,0
6119-SPUDB,0
6522-OIQSX,
7813-ZGGAW,0
8748-HFWBO,0
1052-QJIBV,
1319-YLZJG,10
4106-HADHQ,90
0723-FDLAY,0
3050-RLLXC,
9298-WGMRW,
2369-UAPKZ,50
3088-LHEFH,30
2778-OCLGR,80
6583-KQJLK,20
8544-JNBOX,
6681-ZSEXG,0
6139-ZZRBQ,0
6116-RFVHN,0
0637-KVDLV,80
8884-FEEWR,0
3125-RAHBV,0
6633-MPWBS,50
0373-AIVNJ,0
8785-EPNCG,20
1682-VCOIO,0
5729-KLZAR,80
2072-ZVJJX,
8849-AYPTR,0
9518-IMLHK,0
1582-RAFML,50
3646-ITDGM,0
8740-CRYFY,90
3569-VLDHH,
8224-KDLKN,
7594-LZNWR,10
4001-TSBTV,90
2962-XPMCQ,70
8727-XDPUD,0
1043-UXOVO,
1064-FBXNK,10
3996-ZNWYK,
2878-DHMIN,0
7762-ONLJY,0
1678-FYZOW,80
5795-BKOYE,0
8627-EHGIP,90
7402-PWYJJ,50
5480-TBGPH,70
0018-NYROU,60
7501-VTYLJ,30
7608-RGIRO,
0480-BIXDE,70
5895-QSXOD,40
9814-AOUDH,0
6175-IRFIT,50
8760-ZRHKE,
1622-HSHSF,40
8854-CCVSQ,50
6749-UTDVX,
5542-DHSXL,20
9102-OXKFY,0
0511-JTEOY,70
5216-WASFJ,70
7808-DVWEP,30
7067-KSAZT,90
2284-VFLKH,0
0366-NQSHS,20
6532-YLWSI,10
3807-BPOMJ,0
3892-NXAZG,
4948-WBBKL,60
4182-BGSIQ,20
9300-AGZNL,90
0988-AADSA,
9972-NKTFD,0
3717-LNXKW,0
5734-EJKXG,
2207-RYYRL,0
6729-FZWSY,0
9695-IDRZR,0
8144-DGHXP,0
7814-LEEVE,50
1112-CUNAO,90
5175-AOBHI,50
5174-RNGBH,80
8631-WUXGY,0
7270-BDIOA,50
9565-JSNFM,20
5906-DVAPM,0
6654-QGBZZ,30
8348-JLBUG,0
0607-DAAHE,10
5641-DMBFJ,
9200-NLNPD,0
2664-XJZNO,
9732-KPKBW,60
3339-EAQNV,
0921-OHLVP,40
3389-YGYAI,80
9560-ARGQJ,60
8350-NYMVI,0
1600-DILPE,30
0536-ESJEP,
4654-GGUII,0
6478-HRRCZ,0
8510-BBWMU,0
6857-TKDJV,
2360-RDGRO,0
0584-BJQGZ,0
5134-IKDAY,90
1360-XFJMR,
3070-DVEYC,50
5730-RIITO,10
9058-MJLZC,90
5707-ORNDZ,30
0902-XKXPN,
5177-RVZNU,0
0056-EPFBG,0
8993-IZEUX,40
8696-JKZNU,70
5380-AFSSK,80
8190-ZTQFB,0
0931-MHTEM,0
2055-PDADH,70
7515-LODFU,
0440-UEDAI,0
1337-BOZWO,0
0868-VJRDR,
8714-EUHJO,90
6344-SFJVH,20
3950-VPYJB,
8041-TMEID,0
7321-ZNSLA,0
6941-KXRRV,0
3721-CNEYS,70
8727-JQFHV,0
9475-NNDGC,
1355-KUSBG,50
3688-FTHLT,20
0899-LIIBW,0
2568-OIADY,90
1384-RCUXW,40
5825-XJOCM,0
6848-YLDFR,0
8125-QPFJD,
2320-YKQBO,10
1193-RTSLK,90
2302-ANTDP,90
5923-GXUOC,70
4973-RLZVI,0
7869-ZYDST,0
4501-UYKBC,0
1215-EXRMO,0
2305-MRGLV,20
8404-VIOMB,
5233-GEEAX,80
2359-KLTEK,0
5304-EFJLP,0
2673-ZALNP,0
9184-GALIL,0
4393-RYCRE,
9746-MDMBK,
3162-ZJZFU,0
8404-GFGCZ,40
8875-AKBYH,60
4432-ADRLB,40
0533-UCAAU,0
1394-SUIUH,10
3521-MNKLV,0
2533-TIBIX,20
8993-PHFWD,60
1565-RHDJD,70
7137-RYLPP,60
3765-JXVKY,80
5092-STPKP,0
7330-WZLNC,80
0114-PEGZZ,0
3359-DSRKA,0
8639-NHQEI,
7161-DFHUF,
3957-LXOLK,90
3720-DBRWL,
6635-MYYYZ,90
8565-WUXZU,
5281-BUZGT,90
4994-OBRSZ,
0562-FGDCR,
2436-QBZFP,0
3420-YJLQT,50
6040-CGACY,10
6582-PLFUU,0
8242-PDSGJ,
0264-CNITK,
0089-IIQKO,0
7839-NUIAA,0
6075-QMNRR,0
5378-IKEEG,80
5966-EMAZU,
0440-EKDCF,
4774-HHGGS,0
2718-GAXQD,70
2055-BFOCC,
8180-AKMJV,50
4298-OYIFC,30
5566-SOEZD,0
9842-EFSYY,20
2272-WUSPA,
4584-LBNMK,0
3898-GUYTS,0
0930-EHUZA,0
6413-XKKPU,90
9975-SKRNR,30
3703-KBKZP,60
1449-XQEMT,30
2626-URJFX,60
4973-MGTON,
3682-YEUWS,0
1223-UNPKS,
2612-RRIDN,80
4735-ASGMA,90
3446-QDSZF,30
3669-LVWZB,50
6892-EZDTG,80
5117-IFGPS,70
7379-FNIUJ,30
1627-AFWVJ,0
9725-SCPZG,80
5884-GCYMI,80
3217-FZDMN,70
4486-EFAEB,10
0060-FUALY,0
7853-GVUDZ,50
7480-QNVZJ,90
6954-OOYZZ,20
7088-FBAWU,10
8313-AFGBW,
3943-KDREE,60
9239-ZBZZV,70
3097-IDVPU,20
4398-HSCJH,40
2197-OMWGI,
2303-PJYHN,40
9795-VOWON,30
1237-WIYYZ,10
1987-AUELQ,
7852-LECYP,30
4430-UZIPO,50
4822-LPTYJ,
8165-CBKXO,
6527-PZFPV,0
4855-SNKMY,60
9593-CVZKR,0
8595-SIZNC,10
8008-HAWED,90
7124-UGSUR,90
1862-SKORY,90
5236-XMZJY,0
4827-DPADN,
2694-CIUMO,40
5846-ABOBJ,
1439-LCGVL,0
0909-SDHNU,10
4647-XXZAM,40
1502-XFCVR,90
7740-KKCXF,10
5360-XGYAZ,
9692-TUSXH,90
7912-SYRQT,60
3557-HTYWR,
4816-JBHOV,60
8920-NAVAY,
1699-TLDLZ,0
5600-PDUJF,30
8292-TYSPY,0
0567-XRHCU,
1867-BDVFH,70
2067-QYTCF,20
2359-QWQUL,90
9103-TCIHJ,10
7407-SUJIZ,0
9150-KPBJQ,0
0052-DCKON,
3654-ARMGP,
9699-UBQFS,0
9367-TCUYN,10
1261-FWTTE,40
3528-HFRIQ,0
0708-SJDIS,10
4140-WJAWW,20
2073-QBVBI,0
6928-ONTRW,
3320-VEOYC,50
5231-FIQPA,0
6617-WLBQC,0
2599-CIPQE,
6653-CBBOM,80
8774-GSBUN,
7326-RIGQZ,50
1401-FTHFQ,0
3247-ZVOUO,80
0254-FNMCI,
1848-LBZHY,10
6101-IMRMM,70
8118-TJAFG,40
5429-LWCMV,50
7298-IZWLY,20
9758-MFWGD,0
3955-JBZZM,40
1268-ASBGA,70
8943-URTMR,50
4815-TUMEQ,0
4713-LZDRV,80
9909-IDLEK,20
4092-OFQZS,0
1561-BWHIN,0
4325-NFSKC,90
9927-DSWDF,0
9500-LTVBP,50
7252-NTGSS,60
8149-AIQCG,30
1360-JYXKQ,0
2955-PSXOE,60
7762-URZQH,80
0899-WZRSD,0
3255-GRXMG,20
4828-FAZPK,40
6094-ZIVKX,0
6925-BAYGL,10
3262-EIDHV,
7354-OIJLX,60
1376-HHBDV,0
6907-NZZIJ,90
6133-OZILE,20
4135-FRWKJ,0
2911-UREFD,90
3744-ZRRDZ,60
5673-TIYIB,60
6551-ZCOTS,0
7191-ADRGF,
5018-LXQQG,0
6892-BOGQE,
1602-IJQQE,70
4628-WQCQQ,70
1746-TGTWV,80
5995-SNNEW,0
8050-WYBND,10
2821-WARNZ,0
4879-GZLFH,0
1644-IRKSF,90
8314-HTWVE,0
9402-ROUMJ,
2507-QZPQS,10
7159-NOKYQ,
5707-ZMDJP,0
8779-YIQQA,0
7136-IHZJA,0
8966-OIQHG,0
7074-STDCN,0
3705-PSNGL,0
8739-QOTTN,10
1399-OUPJN,0
0277-BKSQP,40
6502-HCJTI,70
2606-RMDHZ,50
5774-XZTQC,10
2676-SSLTO,0
6266-QHOJZ,0
7269-JISCY,0
0363-SVHYR,
8547-NSBBO,0
8258-GSTJK,90
6861-OKBCE,10
9940-RHLFB,80
6591-QGOYB,10
9070-BCKQP,
6421-SZVEM,0
1328-EUZHC,0
2995-UPRYS,90
8878-RYUKI,0
9633-DENPU,0
7811-JIVPF,0
7113-HIPFI,
8541-QVFKM,70
6686-YPGHK,80
1383-EZRWL,0
9258-CNWAC,
5371-VYLSX,20
6374-AFWOX,0
4759-TRPLW,80
5317-FLPJF,0
7621-VPNET,20
6034-YMTOB,40
8563-IIOXK,0
4903-CNOZC,0
4353-HYOJD,0
8020-BWHYL,30
7267-FRMJW,0
2982-VPSGI,90
4188-FRABG,
8199-ZLLSA,90
4128-ETESU,0
0620-DLSLK,20
4625-EWPTF,40
5980-NOPLP,80
3850-OKINF,0
6892-XPFPU,90
8010-EZLOU,70
1156-ZFYDO,20
3295-YVUSR,50
8016-NCFVO,80
4119-ZYPZY,
5549-ZGHFB,0
7577-SWIFR,80
0303-WMMRN,20
6408-OTUBZ,
5204-HMGYF,
1078-TDCRN,70
3727-OVPRY,0
3797-FKOGQ,50
7622-NXQZR,20
6196-HBOBZ,
3970-XGJDU,0
7017-VFULY,30
5562-YJQGT,10
8807-OPMBM,0
5439-WIKXB,80
9874-QLCLH,90
8294-UIMBA,0
8109-YUOHE,0
5840-NVDCG,0
8092-NLTGF,
5928-QLDHB,70
9840-EFJQB,60
0696-UKTOX,0
4801-KFYKL,10
3472-OAOOR,0
6135-OZQVA,10
8062-YBDOE,90
2252-JHJGE,
4188-PCPIG,
6000-APYLU,70
7105-BENQF,0
7721-DVEKZ,40
3566-VVORZ,30
9507-HSMMZ,0
2480-SQIOB,50
0947-IDHRQ,50
7813-TKCVO,0
0128-MKWSG,0
3672-YITQD,80
4350-ZTLPI,40
9048-JVYVF,30
0361-HJRDX,
5727-MYATE,
3823-KYNQY,0
8988-ECPJR,60
7570-WELNY,
3021-VLNRJ,0
3776-EKTKM,90
2080-CAZNM,0
1028-FFNJK,0
6907-FLBER,50
3001-UNBTL,0
5982-PSMKW,
3507-GASNP,0
7096-ZNBZI,
1902-XBTFB,90
1676-MQAOA,
0786-IVLAW,
7566-DSRLQ,
0643-OKLRP,80
7245-JMTTQ,
6050-IJRHS,10
6202-JVYEU,0
8591-TKMZH,30
0734-OXWBT,30
4282-ACRXS,30
0365-TRTPY,0
7349-ALMUX,
9381-NDKME,90
6502-KUGLL,10
1841-YSJGV,
2794-XIMMO,90
8382-SHQEH,80
3511-BFTJW,
7668-XCFYV,30
2983-ZANRP,80
7845-URHJN,30
3034-ZBEQN,60
5018-HEKFO,10
2923-ARZLG,20
3976-NLDEZ,30
2282-YGNOR,0
5336-UFNZP,
6854-EXGSF,0
1241-EZFMJ,
9233-PSYHO,0
5376-PCKNB,
8044-BGWPI,10
4060-LDNLU,80
3589-PPVKW,30
8327-LZKAS,90
5887-IKKYO,40
1075-BGWOH,90
1755-RMCXH,10
0302-JOIVN,70
3858-XHYJO,
4299-SIMNS,30
7025-IWFHT,0
6261-LHRTG,0
7841-FCRQD,0
2056-EVGZL,
8777-MBMTS,
7753-USQYQ,0
5366-IJEQJ,90
7661-CPURM,0
6233-HXJMX,0
5902-WBLSE,
1981-INRFU,80
4971-PUYQO,90
3239-TPHPZ,0
5115-GZDEL,
3338-CVVEH,60
8485-GJCDN,40
2615-YVMYX,
2851-STERV,0
4393-GEADV,
8486-AYEQH,70
1527-SXDPN,70
6029-WTIPC,90
8634-CILSZ,90
5419-JKZNQ,20
2495-KZNFB,0
1409-PHXTF,
4560-WQAQW,0
9591-YVTEB,0
9309-BZGNT,0
4274-DRSQT,0
2027-DNKIV,0
8075-GXIUB,0
2885-HIJDH,
5424-RLQLC,0
6682-QJDGB,90
6507-DTJZV,10
8780-IXSTS,70
7673-BQGKU,
6723-WSNTY,
9530-EHPOH,30
2725-IWWBA,0
0345-HKJVM,90
1061-PNTHC,0
0394-YONDK,
6574-MCOEH,0
7399-QHBJS,
3049-SOLAY,90
0997-YTLNY,10
3317-HRTNN,70
9479-HYNYL,0
3235-ETOOB,50
9708-KFDBY,20
8058-INTPH,90
3642-GKTCT,
0774-RMNUW,
1334-PDUKM,0
0756-MPZRL,0
2242-MFOTG,0
2927-CVULT,
2144-BFDSO,
8745-PVESG,0
7647-GYYKX,0
5647-FXOTP,
5569-OUICF,90
8821-XNHVZ,90
2082-OJVTK,90
9700-ISPUP,0
9839-ETQOE,0
6078-VESFR,50
9027-TMATR,
5940-NFXKV,60
1941-HOSAM,70
9110-HSGTV,
0704-VCUMB,
6171-ZTVYB,0
8053-WWDRO,30
9564-KCLHR,60
1935-IMVBB,80
2535-PBCGC,
2082-CEFLT,70
1470-PSXNM,
1213-NGCUN,50
2498-XLDZR,
9866-OCCKE,
5338-YHWYT,0
7718-UPSKJ,0
8731-WBBMB,0
1448-CYWKC,
7901-IIDQV,10
2690-DVRVK,0
5688-KZTSN,20
1270-XKUCC,0
0334-ZFJSR,0
2894-QOJRX,50
5747-PMBSQ,90
5583-EJXRD,
4565-EVZMJ,0
3143-JQEGI,90
6386-SZZKH,90
3327-YBAKM,
9441-QHEVC,30
6705-LNMDD,0
2580-ASVVY,0
3370-GQEAL,40
5032-USPKF,
2982-IHMFT,90
3521-SYVOR,90
4254-QPEDE,
6283-GITPX,
9526-JAWYF,90
0771-CHWSK,
9788-HNGUT,
9495-REDIY,0
5375-XLDOF,
1172-VIYBP,0
5649-VUKMC,90
6559-PDZLR,0
8992-OBVDG,0
4273-MBHYA,80
4724-WXVWF,0
5701-GUXDC,0
1460-UZPRJ,
6082-GLJIX,0
5143-EGQFK,70
4919-IKATY,90
2495-TTHBQ,0
0485-ZBSLN,
3810-PJUHR,
9050-QLROH,80
0847-HGRML,0
8232-CTLKO,0
9227-YBAXE,
6168-WFVVF,70
9860-LISIZ,0
0112-QAWRZ,10
0877-SDMBN,90
2786-GCDPI,0
4043-MKDTV,
8065-YKXKD,70
9637-EIHEQ,70
9229-RQABD,0
8313-KTIHG,20
5320-BRKGK,
6284-KMNUF,0
9689-PTNPG,80
9465-RWMXL,60
6229-UOLQL,0
2362-IBOOY,70
3137-LUPIX,20
0843-WTBXE,30
6143-JQKEA,40
8676-OOQEJ,40
5515-IDEJJ,60
9701-CDXHR,10
7450-NWRTR,90
8124-NZVGJ,20
2162-FRZAA,
5376-DEQCP,80
5118-MUEYH,0
9095-HFAFX,70
5627-TVBPP,0
2379-ENZGV,60
3936-QQFLL,30
2589-AYCRP,0
4067-HLYQI,50
5124-EOGYE,0
5057-RKGLH,0
0292-WEGCH,0
8910-ICHIU,
4097-YODCF,0
9715-WZCLW,
9786-YWNHU,
6407-GSJNL,0
6005-OBZPH,90
4049-ZPALD,
7932-WPTDS,80
3733-UOCWF,0
6833-JMZYP,10
2722-VOJQL,90
1310-QRITU,30
8961-QDZZJ,0
9715-SBVSU,0
8490-BXHEO,30
7173-TETGO,
7929-SKFGK,0
2300-RQGOI,0
3563-SVYLG,
5228-EXCET,60
6435-VWCCY,
4998-IKFSE,0
8630-QSGXK,0
2455-USLMV,0
7394-FKDNK,60
9488-FVZCC,
6331-LWDTQ,90
5995-WWKKG,0
1597-FZREH,60
7879-CGSFV,0
9921-EZKBY,0
7432-FFVAR,0
7246-ZGQDF,40
7000-WCEVQ,0
0727-IWKVK,60
5959-BELXA,90
4456-RHSNB,10
3512-IZIKN,60
2481-SBOYW,0
7109-MFBYV,10
1833-TCXKK,0
1832-PEUTS,
6141-OOXUQ,40
8660-BUETV,40
0580-PIQHM,
5696-CEIQJ,
7503-ZGUZJ,80
1696-HXOWK,
3026-ATZYV,0
4012-YCFAI,
2506-TNFCO,90
9970-QBCDA,10
8718-PTMEZ,50
9496-IVVRP,10
2207-OBZNX,10
2657-VPXTA,30
6551-VLJMV,0
1221-GHZEP,
9289-LBQVU,0
6142-VSJQO,60
3458-IDMFK,0
6933-FHBZC,0
0221-NAUXK,0
9770-KXGQU,
6437-UKHMV,60
6538-POCHL,10
6726-NNFWD,
3002-WQZWT,60
4277-UDIEF,0
1208-NBVFH,20
4912-PIGUY,90
1114-CENIM,90
6060-DRTNL,60
2725-TTRIQ,
3374-TTZTK,80
8990-ZXLSU,40
2275-RBYQS,70
8473-VUVJN,80
6289-CPNLD,90
5536-SLHPM,70
4419-UJMUS,
7794-JASDG,40
7609-YBPXG,
5519-TEEUH,0
7856-GANIL,0
0804-XBFBV,40
2676-OXPPQ,10
3703-TTEPD,0
2799-TSLAG,
0196-VULGZ,80
8837-VVWLQ,50
2696-NARTR,50
2208-NKVVH,0
7614-QVWQL,90
1976-CFOCS,70
4631-OACRM,60
7139-JZFVG,
4987-GQWPO,20
3755-JBMNH,60
1757-TCATG,0
6345-ULYRW,90
4776-XSKYQ,20
8048-DSDFQ,50
5753-QQWPW,0
6010-DDPPW,
1809-DMJHQ,50
6693-FRIRW,10
6586-MYGKD,
3173-NVMPX,10
0248-PGHBZ,
0623-GDISB,30
2892-GESUL,0
6923-EFPNL,50
7472-EQOAV,
9574-RKJIF,90
2043-WVTQJ,40
8034-RYTVV,0
3863-QSTYI,0
2619-WFQWU,80
5044-LRQAQ,50
1716-LSAMB,0
1333-PBMXB,0
6546-OPBBH,0
5985-BEHZK,
9127-QRZMH,0
5919-VCZYM,10
9644-KVCNC,
2137-DQMEV,
8174-LNWMW,0
9279-CJEOJ,10
7964-VEXDG,30
2404-JIBFC,
0778-NELLA,60
8029-XYPWT,0
4614-NUVZD,90
4632-PAOYU,0
3803-KMQFW,60
6804-GDMOI,90
2990-OGYTD,
6646-JPPHA,10
9572-MTILT,90
7658-UYUQS,10
7880-XSOJX,10
9611-CTWIH,70
4589-IUAJB,
0329-GTIAJ,90
8746-BFOAJ,0
8457-XIGKN,0
6072-NUQCB,0
6629-CZTTH,50
8838-GPHZP,0
8750-QWZAJ,
5364-EVNIB,90
6918-UMQCG,50
0675-NCDYU,
6339-DKLMK,50
1346-PJWTK,
5088-QZLRL,30
8023-QHAIO,10
4397-FRLTA,10
3057-VJJQE,0
5087-SUURX,90
2302-OUZXB,
8133-ANHHJ,0
2270-CHBFN,0
0013-EXCHZ,60
5982-FPVQN,0
9107-UKCKY,
4654-ULTTN,
5550-VFRLC,90
5546-BYZSM,0
1492-KGETH,0
4929-BSTRX,70
4163-HFTUK,0
8215-NGSPE,0
2225-ZRGSG,80
8859-YSTWS,0
5271-YNWVR,90
7601-DHFWZ,0
2657-ALMWY,90
6330-JKLPC,70
4667-OHGKG,60
1998-VHJHK,0
1707-HABPF,0
1660-HSOOQ,70
7253-UVNDW,0
0487-VVUVK,10
7228-OMTPN,90
5063-IUOKK,0
4508-OEBEY,0
0027-KWYKW,60
2308-STERM,10
5982-XMDEX,
6284-AHOOQ,70
6051-PTVNS,0
2344-JMOGN,50
3799-ISUZQ,60
2877-VDUER,0
9152-AMKAK,0
1794-HBQTJ,40
9432-VOFYX,50
8049-WJCLQ,20
6586-PSJOX,0
2460-FPSYH,90
9705-ZJBCG,0
4818-DRBQT,50
1320-HTRDR,80
6847-KJLTS,0
9670-BPNXF,0
3913-FCUUW,
3301-VKTGC,0
1493-AMTIE,60
9555-SAHUZ,0
0816-TSPHQ,10
9932-WBWIK,0
4619-EVPHY,0
5286-YHCVC,
6424-ELEYH,80
4391-RESHN,90
9115-YQHGA,10
4462-CYWMH,0
8963-MQVYN,10
2458-EOMRE,0
9334-GWGOW,70
6821-BUXUX,60
5028-HTLJB,60
9801-GDWGV,90
6542-LWGXJ,50
5567-GZKQY,0
1222-LRYKO,10
2320-JRSDE,60
2087-QAREY,0
0601-WZHJF,40
4423-JWZJN,
5143-WMWOG,50
6490-FGZAT,0
5393-RXQSZ,80
7452-FOLON,0
2320-TZRRH,0
0231-LXVAP,80
9444-JTXHZ,90
4942-VZZOM,0
5510-BOIUJ,30
7502-BNYGS,0
4291-HYEBC,0
6147-CBCRA,0
6047-SUHPR,0
4471-KXAUH,60
9752-ZNQUT,60
7638-QVMVY,70
1576-PFZIW,
5666-MBJPT,0
7312-XSBAT,20
3096-GKWEB,10
2371-JQHZZ,0
0674-GCDXG,
1121-QSIVB,50
4396-KLSEH,30
3244-DCJWY,80
2824-MYYBN,0
0875-CABNR,90
6345-HOVES,10
8318-LCNBW,0
6469-QJKZW,20
0147-ESWWR,0
1217-VASWC,
7812-FZHPE,20
6370-ZVHDV,
5915-DGNVC,50
6260-XLACS,0
3566-CAAYU,
4983-CCWMC,40
9103-CXVOK,50
2896-TBNBE,0
4797-AXPXK,60
5229-PRWKT,80
6982-UQZLY,80
2522-WLNSF,0
3841-CONLJ,80
5057-LCOUI,90
0193-ESZXP,90
4475-NVTLU,0
4369-HTUIF,60
9386-LDCZR,
9585-KKMFD,0
5399-ZIMKF,50
0336-KXKFK,
5619-XZZKR,0
3948-FVVRP,10
5327-XOKKY,
0983-TATYJ,0
1813-JYWTO,
0156-FVPTA,40
1984-FCOWB,90
0654-HMSHN,90
6719-OXYBR,20
3312-ZWLGF,50
6476-YHMGA,0
5287-QWLKY,80
0795-XCCTE,
0168-XZKBB,40
3785-NRHYR,40
5196-SGOAK,80
4537-DKTAL,60
7072-MBHEV,30
5602-BVFMK,0
6297-NOOPG,
1891-UAWWU,90
8204-TIFGJ,0
8050-DVOJX,
6108-OQZDQ,90
0363-QJVFX,90
8903-XEBGX,40
8169-SAEJD,
9840-DVNDC,70
1089-XZWHH,0
2325-WINES,0
6064-ZATLR,0
3096-JRDSO,30
7824-PANSQ,0
8042-JVNFH,70
9648-BCHKM,0
2888-ADFAO,0
8707-HOEDG,
3374-LXDEV,90
4072-IPYLT,0
7167-PCEYD,0
4936-YPJNK,0
1580-BMCMR,10
4817-KEQSP,
6408-WHTEF,
9251-AWQGT,0
8749-CLJXC,40
7989-VCQOH,0
5049-GLYVG,30
4199-QHJNM,
8882-TLVRW,
5883-GTGVD,90
5135-GRQJV,
2384-OVPSA,0
1371-WEPDS,0
3580-GICBM,0
4817-QRJSX,70
9730-DRTMJ,0
4686-UXDML,10
3349-ANQNH,60
2398-YPMUR,50
0932-YIXYU,0
7480-SPLEF,
7636-XUHWW,20
1431-CYWMH,10
5937-EORGB,20
6349-JDHQP,0
5539-HIVAK,0
5847-MXBEO,0
9985-MWVIX,80
4583-PARNH,10
1116-FRYVH,
1421-HCERK,0
9633-XQABV,60
0716-BQNDX,0
1265-XTECC,80
1183-CANVH,20
1972-XMUWV,0
8679-LZBMD,0
3407-JMJQQ,
6252-DFGTK,0
1539-LNKHM,0
8645-KOMJQ,
0289-IVARM,0
9761-XUJWD,10
4057-FKCZK,0
4291-TPNFG,
6087-YPWHO,
3090-QFUVD,10
2237-ZFSMY,70
1722-LDZJS,0
1818-ESQMW,0
4871-JTKJF,90
1415-YFWLT,90
7401-RUBNK,20
0506-YLVKJ,0
8661-BOYNW,
6711-VTNRE,70
4815-GBTCD,60
2805-AUFQN,0
0980-PVMRC,0
7233-DRTRF,
3500-RMZLT,20
3873-NFTGI,10
1162-ECVII,
7048-GXDAY,0
8571-ZCMCX,
1169-WCVAK,20
4548-SDBKE,80
8066-POXGX,70
7129-CAKJW,70
8695-ARGXZ,60
3570-YUEKJ,20
4143-OOBWZ,80
1555-HAPSU,
1697-NVVGY,0
7854-EKTJL,40
8464-EETCQ,0
2419-FSORS,
8132-YPVBX,30
9102-IAYHT,60
6754-LZUKA,
3422-LYEPQ,80
8099-MZPUJ,0
0787-LHDYT,10
2642-DTVCO,80
0374-IOEGQ,50
4361-JEIVL,60
3197-NNYNB,
3396-DKDEL,
1752-OZXFY,0
9066-QRSDU,0
9112-WSNPU,50
9867-NNXLC,0
5321-NTRKC,
1363-TXLSL,80
9507-EXLTT,90
3161-GETRM,20
0402-OAMEN,
6933-VLYFX,0
6754-WKSHP,0
9846-GKXAS,90
6017-PPLPX,60
4976-LNFVV,10
5055-MGMGF,
4641-FROLU,0
2862-JVEOY,0
2969-QWUBZ,30
9822-BIIGN,0
2077-MPJQO,60
1534-OULXE,0
7136-RVDTZ,90
2971-SGAFL,0
1480-IVEVR,0
2905-KFQUV,70
4581-SSPWD,80
3370-HXOPH,60
9391-YZEJW,0
9958-MEKUC,
0281-CNTZX,
6927-WTFIV,30
4118-CEVPF,0
3398-ZOUAA,50
9114-VEPUF,40
7876-BEUTG,20
2338-BQEZT,0
9873-MNDKV,20
0378-NHQXU,40
8241-JUIQO,0
2194-IIQOF,
4512-ZUIYL,80
9631-RXVJM,0
9584-EXCDZ,40
7969-AULMZ,90
5093-FEGLU,0
2621-UDNLU,30
7526-IVLYU,20
2428-HYUNX,0
9214-EKVXR,60
3410-MHHUM,
0568-ONFPC,30
0733-VUNUW,20
4550-EVXNY,90
2122-YWVYA,20
2968-SSGAA,80
2296-DKZFP,
4844-JJWUY,90
6777-TGHTM,90
8909-BOLNL,0
6603-YRDCJ,0
3538-WZPHD,70
3229-USWAR,0
2138-VFAPZ,0
6131-JLWZM,0
4785-QRJHC,60
0269-XFESX,0
1709-EJDOX,0
4316-XCSLJ,10
8610-WFCJF,80
9693-XMUOB,0
0383-CLDDA,
4905-JEFDW,90
2709-UQGNP,10
3549-ZTMNH,0
7881-INRLC,90
8033-ATFAS,0
1635-NZATJ,
0562-HKHML,
8277-RVRSV,0
9943-VSZUV,20
0117-LFRMW,90
6172-FECYY,60
7054-ENNGU,10
1455-HFBXA,
9402-CXWPL,0
1628-BIZYP,80
1965-AKTSX,70
0082-LDZUE,50
4786-UKSNZ,50
5343-SGUBI,0
0856-NAOES,20
1976-AZZPJ,10
7248-VZQLC,80
6156-UZDLF,0
3099-OONVS,20
9500-WBGRP,0
5183-KLYEM,
5144-PQCDZ,10
8514-VZHEB,0
6625-IUTTT,
9355-NPPFS,30
0068-FIGTF,0
5965-GGPRW,
8035-PWSEV,50
2236-HILPA,
1840-BIUOG,30
1356-MKYSK,10
6080-LNESI,0
1830-IPXVJ,0
5828-DWPIL,0
8398-TBIYD,
0011-IGKFF,90
4192-GORJT,90
6496-SLWHQ,80
9912-GVSEQ,90
2931-FSOHN,10
9418-RUKPH,0
5383-MMTWC,80
9971-ZWPBF,0
4712-AUQZO,0
9711-FJTBX,0
2908-ZTPNF,20
7240-ETPTR,70
2202-CUYXZ,90
5995-OIGLP,20
8421-WZOOW,0
6261-RCVNS,90
7951-QKZPL,0
1414-YADCW,
8756-RDDLT,0
2862-PFNIK,60
5816-QVHRX,30
4430-YHXGG,20
6888-SBYAI,40
7395-XWZOY,0
7169-YWAMK,
3640-PHQXK,90
6877-LGWXO,30
6859-RKMZJ,30
2729-VNVAP,0
2957-JIRMN,20
2049-BAFNW,40
3842-QTGDL,10
7163-OCEQI,0
9782-LGXMC,0
5975-BAICR,0
8019-ENHXU,90
5167-GBFRE,70
9033-EOXWV,40
4673-KKSLS,0
4853-OITSN,50
9800-OUIGR,
1324-NLTJE,90
2324-EFHVG,
7094-MSZAO,0
1522-VVDMG,90
6907-CQGPN,10
0780-XNZFN,0
0239-OXEXL,0
2675-IJRGJ,10
7049-GKVZY,0
8577-QSOCG,0
3721-CNZHX,0
0212-ISBBF,10
9185-TQCVP,80
3585-YNADK,
5271-DBYSJ,40
1099-GODLO,0
6828-HMKWP,0
5567-WSELE,80
1472-TNCWL,0
8063-RJYNF,90
0687-ZVTHB,70
2080-GKCWQ,30
9661-ACXBS,90
2193-SFWQW,
5656-JAMLX,0
3462-BJQQA,70
0442-TDYUO,0
6733-LRIZX,0
9503-XJUME,0
4367-NHWMM,70
3727-RJMEO,80
3779-OSWCF,
6736-DHUQI,0
3915-ODIYG,0
1360-RCYRT,30
2724-FJDYW,0
4451-RWASJ,10
6646-VRFOL,90
3460-TJBWI,0
5917-HBSDW,10
5685-IIXLY,70
5671-UUNXD,40
0956-ACVZC,0
2325-NBPZG,40
4250-ZBWLV,90
4482-FTFFX,30
8859-DZTGQ,0
0440-MOGPM,0
0020-JDNXP,0
3752-CQSJI,0
5025-GOOKI,0
4698-KVLLG,0
5095-AESKG,80
2887-JPYLU,10
4770-QAZXN,0
4896-CPRPF,0
1871-MOWRM,50
9714-EDSUC,60
2027-OAQQC,90
0282-NVSJS,20
9090-SGQXL,90
6595-YGXIT,90
7353-YOWFP,0
9835-ZIITK,90
8008-ESFLK,0
7537-CBQUZ,
1555-DJEQW,90
5649-TJHOV,50
0519-XUZJU,80
3363-EWLGO,10
4750-UKWJK,0
6338-AVWCY,90
1689-YQBYY,60
4487-ZYJZK,0
2959-FENLU,50
0708-LGSMF,20
9253-QXKBE,90
7634-HLQJR,0
0487-RPVUM,
4079-ULGFR,10
2516-XSJKX,
0057-QBUQH,0
9445-SZLCH,90
6599-SFQVE,40
8331-ZXFOE,0
4003-FUSHP,0
0356-ERHVT,30
7325-ENZFI,0
4884-ZTHVF,50
3920-HIHMQ,10
3055-OYMSE,30
0613-WUXUM,0
7568-PODML,80
4458-KVRBJ,0
5349-IECLD,70
1397-XKKWR,0
3945-GFWQL,40
8097-OMULG,
6013-BHCAW,
0401-WDBXM,
3387-PLKUI,10
6096-EGVTU,0
3797-VTIDR,80
5081-NWSUP,0
2580-ATZSQ,
8085-MSNLK,
9691-HKOVS,
9881-VCZEP,10
9526-BIHHD,40
8757-TFHHJ,30
4523-WXCEF,90
1468-DEFNC,
5119-KEPFY,0
8364-TRMMK,60
0916-KNFAJ,
8319-QBEHW,0
3063-QFSZL,60
8775-LHDJH,80
9625-QNLUX,
3097-NQYSN,90
4024-CSNBY,
7110-BDTWG,
7493-GVFIO,0
0690-SRQID,20
9605-WGJVW,80
9114-DPSIA,
4700-UBQMV,0
7711-GQBZC,0
3565-UNOCC,80
4627-MIHJH,
9795-NREXC,
8573-CGOCC,10
7356-AYNJP,0
9249-FXSCK,70
5493-SDRDQ,90
6286-SUUWT,50
4819-HJPIW,10
8654-DHAOW,30
5438-QMDDL,0
9812-GHVRI,20
5553-AOINX,
1228-ZLNBX,10
4226-KKDON,10
3831-YCPUO,
7445-WMRBW,0
3308-DGHKL,0
9924-JPRMC,0
0080-EMYVY,0
6218-KNUBD,0
7337-CINUD,0
7609-NRNCA,0
0623-EJQEG,0
7153-CHRBV,0
0871-URUWO,90
9190-MFJLN,80
6198-PNNSZ,
3317-VLGQT,50
4132-POCZS,40
5614-DNZCE,
1095-JUDTC,80
3896-RCYYE,0
9638-JIQYA,60
3258-SANFR,30
3726-TBHQT,
3190-ITQXP,0
0870-VEMYL,30
4833-QTJNO,0
3039-MJSLN,10
0178-CIIKR,10
5385-SUIRI,90
3982-XWFZQ,30
5774-QPLTF,0
2322-VCZHZ,0
5010-IPEAQ,
4009-ALQFH,90
6383-ZTSIW,10
8990-YOZLV,
3069-SSVSN,30
5222-IMUKT,0
3627-FCRDW,50
7562-GSUHK,90
6685-XSHHU,0
8901-UPRHR,
4903-UYAVB,30
0118-JPNOY,20
6776-TLWOI,30
3845-FXCYS,30
5857-XRECV,0
0725-CXOTM,0
4343-EJVQB,20
9000-PLFUZ,
3427-GGZZI,70
7779-ORAEL,0
0644-OQMDK,60
4077-CROMM,90
3154-CFSZG,0
2868-MZAGQ,90
4847-QNOKA,60
2220-IAHLS,20
1658-XUHBX,0
6379-RXJRQ,60
2378-HTWFW,30
8650-RHRKE,70
4377-VDHYI,0
0475-RIJEP,50
1260-TTRXI,50
3719-TDVQB,0
6328-ZPBGN,90
0201-MIBOL,0
4937-QPZPO,0
2925-VDZHY,
6981-TDRFT,0
3413-CSSTH,0
8033-VCZGH,
4789-KWMXN,90
0224-NIJLP,0
7542-CYDDM,0
4718-WXBGI,
2867-UIMSS,90
8495-PRWFH,10
0439-IFYUN,30
5716-LIBJC,0
2868-LLSKM,0
8111-RKSPX,80
2988-QRAJY,
1585-MQSSU,30
0071-NDAFP,0
2856-NNASM,90
7328-ZJAJO,0
6458-CYIDZ,20
8559-CIZFV,90
1090-PYKCI,
3058-WQDRE,30
7547-EKNFS,90
2279-AXJJK,20
6769-DYBQN,90
0909-SELIE,
3417-TSCIC,0
1042-HFUCW,0
4439-JMPMT,70
6537-OTKMY,10
8999-EXMNO,0
6725-TPKJO,0
2446-BEGGB,90
7162-WPHPM,
1599-MMYRQ,0
8821-KVZKQ,
1496-GGSUK,80
6434-TTGJP,0
0042-JVWOJ,0
0130-SXOUN,0
2575-GFSOE,50
2330-PQGDQ,0
1452-UZOSF,
2097-YVPKN,20
2842-JTCCU,60
8597-CTXVJ,
6631-HMANX,
9962-BFPDU,50
3296-SILRA,90
9681-OXGVC,90
6394-HHHZM,10
5995-LFTLE,0
5180-UCIIQ,80
1932-UEDCX,0
7153-OANIO,80
5188-HGMLP,10
0665-XHDJU,
6521-YYTYI,90
8878-HMWBV,80
8265-HKSOW,
3544-FBCAS,
5331-RGMTT,0
4759-PXTAN,0
7054-DMVAS,0
3428-MMGUB,0
6549-BTYPG,
7823-JSOAG,70
3705-RHRFR,
9374-YOLBJ,10
9074-KGVOX,0
6128-DAFVY,0
9933-QRGTX,
4476-OSWTN,
3751-KTZEL,70
1977-STDKI,80
5066-GFJMM,20
2661-GKBTK,
0458-HEUZG,0
7268-WNTCP,
0824-VWDPO,
8409-WQJUX,0
2578-JQPHZ,
3278-FSIXX,50
5813-UECBU,80
0328-GRPMV,80
9746-UGFAC,0
2946-KIQSP,10
0625-AFOHS,0
6726-WEXXK,0
4636-OLWOE,0
4342-HENTK,70
4685-ERGHK,0
0885-HMGPY,
5003-OKNNK,0
4195-SMMNX,10
7208-PSIHR,
4012-ZTHBR,30
0489-WMEMG,10
7435-ZNUYY,0
1354-YZFNB,0
6956-SMUCM,70
2985-FMWYF,10
2812-ENYMO,0
2717-HVIZY,0
3223-WZWJM,60
3422-GALYP,80
9053-JZFKV,90
2530-ENDWQ,80
2890-WFBHU,
0327-WFZSY,0
7977-HXJKU,0
6615-ZGEDR,30
7033-CLAMM,0
4023-RTIQM,0
0864-FVJNJ,
7356-IWLFW,20
9541-PWTWO,
3967-VQOGC,0
7872-RDDLZ,0
9250-WYPLL,70
6308-CQRBU,
2754-XBHTB,60
1597-LHYNC,90
0186-CAERR,
3043-SUDUA,0
5442-BHQNG,70
2169-RRLFW,
5872-OEQNH,0
3162-KKZXO,0
7055-VKGDA,90
0754-UKWQP,80
8873-GLDMH,50
5696-JVVQY,
8946-BFWSG,0
7493-TPUWZ,90
0547-HURJB,10
8904-OPDCK,10
8845-LWKGE,0
1577-HKTFG,20
8752-STIVR,80
0691-NIKRI,20
5022-JNQEQ,40
4558-FANTW,80
3249-VHRIP,
3736-BLEPA,0
4701-LKOZD,
6603-QWSPR,0
9921-QFQUL,0
1929-ZCBHE,0
4378-MYPGO,
8651-ENBZX,90
4129-LYCOI,
7798-JVXYM,30
8647-SDTWQ,30
2696-ECXKC,0
2081-KJSQF,50
7623-TRNQN,50
3323-CPBWR,0
9330-IJWIO,90
3384-CTMSF,70
0902-RFHOF,0
9286-DOJGF,50
6048-QBXKL,50
9661-MHUMO,50
7718-RXDGG,30
1025-FALIX,20
3451-VAWLI,0
3407-QGWLG,10
1842-EZJMK,70
2347-WKKAE,0
8735-DCXNF,10
3214-IYUUQ,
1936-UAFEH,
3587-PMCOY,10
8079-XRJRS,90
1027-LKKQQ,
7148-XZPHA,10
8073-IJDCM,40
5309-TAIKL,10
6856-RAURS,60
8778-LMWTJ,30
9717-IOAAF,0
8884-ADFVN,90
2845-KDHVX,
0848-SOMKO,
2720-WGKHP,90
6734-FQAJX,
2869-ADAWR,90
1535-VTJOQ,0
6368-TZZDT,0
0943-ZQPXH,0
1293-BSEUN,
9894-EZEWG,80
1302-TPUBN,0
7851-FLGGQ,70
0637-UBJRP,90
0940-OUQEC,80
2378-VTKDH,
0927-CNGRH,30
8608-OZTLB,0
2335-GSODA,0
1952-DVVSW,0
0702-PGIBZ,80
6656-GULJQ,
9853-JFZDU,10
1963-VAUKV,30
3777-XROBG,0
6994-FGRHH,
4000-VGMQP,0
3999-WRNGR,0
3466-RITXD,0
2680-XKKNJ,0
3058-HJCUY,90
2974-GGUXS,0
7994-XIRTR,0
3259-FDWOY,90
2101-RANCD,50
7921-BEPCI,
0807-ZABDG,40
8510-TMWYB,0
3258-ZKPAI,
1428-IEDPR,0
5298-GSTLM,40
4450-YOOHP,0
6728-CZFEI,0
5748-RNCJT,90
3653-NCRDJ,0
6121-TNHBO,
5119-NZPTV,70
6519-ZHPXP,
7739-LAXOG,90
3472-QPRCH,0
8224-UAXBZ,0
9610-WCESF,
9776-CLUJA,60
2486-WYVVE,0
3865-ZYKAD,0
1422-DGUBX,10
2999-AANRQ,0
8668-KNZTI,0
0480-KYJVA,
6034-ZRYCV,60
9746-YKGXB,0
3926-YZVVX,0
6000-UKLWI,0
2079-FBMZK,30
6332-FBZRI,
2096-XOTMO,20
3266-FTKHB,0
8221-EQDGL,0
2346-LOCWC,0
6608-QQLVK,80
0298-XACET,0
7560-QJAVJ,
2995-YWTCD,0
3551-HUAZH,90
9137-UIYPG,0
2809-ZMYOQ,0
5084-OOVCJ,20
0254-WWRKD,0
7727-SHVZV,10
6302-JGYRJ,90
5339-PXDVH,40
2205-LPVGL,
8782-NUUOL,
3685-YLCMQ,90
7601-WFVZV,20
4609-KNNWG,0
4868-AADLV,
9529-OFXHY,20
8634-MPHTR,80
2669-QVCRG,10
2478-EEWWM,30
9174-IHETN,0
2233-TXSIU,0
9644-UMGQA,30
3256-EZDBI,10
8761-NSOBC,80
0419-YAAPX,10
8413-VONUO,40
0872-CASZJ,0
4726-DLWQN,0
8164-OCKUJ,0
3094-JOJAI,10
9494-MRNYX,50
2599-CZABP,10
7945-PRBVF,0
4544-RXFMG,10
0859-YGKFW,0
1150-FTQGN,
9223-UCPVT,80
7196-LIWRH,0
5448-VWNAM,0
1177-XZBJL,0
3518-FSTWG,
9330-VOFSZ,
4351-QLCSU,70
0939-EREMR,10
9389-ACWBI,60
5419-JPRRN,90
3644-QXEHN,10
2911-IJORQ,
5921-NGYRH,0
2100-BDNSN,40
5998-DZLYR,
0488-GSLFR,90
9318-NKNFC,40
3985-HOYPM,0
9728-FTTVZ,90
9548-LERKT,0
6576-FBXOJ,0
4310-KEDTB,10
7254-IQWOZ,90
2474-BRUCM,80
4062-HBMOS,0
0742-NXBGR,80
2676-ISHSF,30
9236-NDUCW,0
4753-PADAS,
6103-QCKFX,0
7781-EWARA,
6110-OHIHY,70
7018-FPXHH,0
5889-LFOLL,70
5708-EVONK,80
8708-XPXHZ,90
0616-ATFGB,80
0572-ZJKLT,
5135-RDDQL,
1353-LJWEM,0
1794-SWWKL,10
6166-YIPFO,
7016-BPGEU,30
6876-ADESB,80
9332-GYWLO,50
1963-SVUCV,70
4184-VODJZ,0
0220-EBGCE,80
1092-WPIVQ,0
7233-IOQNP,10
2834-JKOOW,0
2754-VDLTR,70
2400-FEQME,0
3190-XFANI,90
7551-DACSP,20
4957-SREEC,
7235-NXZCP,70
0230-UBYPQ,0
4923-ADWXJ,0
1763-KUAAW,0
1104-TNLZA,0
5195-KPUNQ,0
0520-FDVVT,90
3439-GVUSX,60
1444-VVSGW,90
5712-PTIWW,70
5949-HGVJL,0
5203-XEHAX,0
1635-HDGFT,0
3315-TOTBP,30
8050-XGRVL,0
6661-HBGWL,90
1518-VOWAV,20
9828-QHFBK,10
3908-MKIMJ,
5012-YSPJJ,0
5909-ECHUI,60
1309-BXVOQ,90
6728-VOIFY,0
9317-WZPGV,90
4891-NLUBA,10
2856-HYAPG,90
8969-PRHFK,0
0661-KQHNK,0
8709-KRDVL,0
4488-PSYCG,20
1427-VERSM,0
9801-NOSHQ,0
6339-YPSAH,50
3621-CEOVK,90
6906-ANDWJ,60
2159-TURXX,10
1548-FEHVL,
3795-CAWEX,
6215-NQCPY,50
5647-URDKA,0
2229-DPMBI,0
9626-WEQRM,20
2188-SXWVT,0
6258-PVZWJ,
1094-BKOSX,10
6969-MVBAI,70
2978-XXSOG,0
2342-CKIAO,10
6953-PBDIN,0
3898-BSJYF,0
3938-YFPXD,
7696-AMHOD,0
2453-SAFNS,0
9558-IHEZX,
9617-UDPEU,0
6340-DACFT,0
4955-VCWBI,0
6813-GZQCG,0
7426-GSWPO,
3389-KTRXV,0
3118-UHVVQ,
1031-IIDEO,80
5832-XKAES,60
3205-MXZRA,0
4701-AHWMW,90
8317-BVKSO,20
5702-KVQRD,
0083-PIVIK,
9210-IAHGH,40
6169-PGNCD,
0023-XUOPT,90
4592-IWTJI,40
4909-JOUPP,
4657-FWVFY,0
2257-BOVXD,10
7729-JTEEC,50
7632-MNYOY,90
6518-LGAOV,90
7242-QZLXF,70
4576-CSAJH,10
1000-AJSLD,60
9696-RMYBA,50
8690-UPCZI,0
1062-LHZOD,80
9770-LXDBK,10
4086-WITJG,
8344-WFMFH,20
9600-NAXZN,90
8822-KNBHV,
8404-FYDIB,20
2791-SFVEW,20
6457-USBER,90
6762-NSODU,0
4662-EKDPQ,60
9248-OJYKK,90
9888-ZCUMM,
3398-FSHON,90
3319-DWOEP,90
1074-WVEVG,0
9979-RGMZT,10
6437-UDQJM,
1226-IENZN,60
2108-GLPQB,10
9259-PACGQ,80
4415-IJZTP,90
1465-VINDH,50
5474-LAMUQ,0
3468-DRVQJ,0
1122-YJBCS,
4990-ALDGW,0
4816-OKWNX,
3315-IKYZQ,0
2810-FTLEM,20
4747-LCAQL,0
3411-WLRSQ,70
0898-XCGTF,10
8006-PYCSW,10
8249-THVEC,0
8722-PRFDV,
2164-SOQXL,0
4020-KIUDI,20
5850-BDWCY,10
2038-YSEZE,0
0827-ITJPH,0
8799-OXZMD,10
1925-TIBLE,80
1705-GUHPV,0
4779-ZGICK,0
0048-PIHNL,0
0818-OCPZO,60
3967-KXAPS,
1447-GIQMR,90
3704-IEAXF,
6810-VCAEX,0
0674-EYYZV,70
4480-MBMLB,0
1395-OFUWC,0
0822-QGCXA,30
0872-NXJYS,60
2832-KJCRD,50
3588-WSTTJ,0
4075-WKNIU,0
5090-EMGTC,
2346-CZYIL,0
3798-EPWRR,50
6258-NGCNG,10
4186-ZBUEW,0
5274-XHAKY,0
1442-BQPVU,20
3978-YNKDD,0
4940-KHCWD,0
9412-ARGBX,90
1389-CXMLU,80
9589-ABEPT,
9388-ZEYVT,0
0305-SQECB,0
7605-SNLQG,10
4670-TABXH,
5561-NWEVX,90
0064-SUDOG,0
8561-NMTBD,
5161-XEUVX,0
8292-FRFZQ,0
8591-NXRCV,0
7895-VONWT,10
4526-RMTLL,0
6253-GNHWH,
4566-NECEV,50
8080-POTJR,0
6906-MPARY,0
3662-FXJFO,0
8107-RZLNV,
0516-OOHAR,0
2027-CWDNU,10
2737-WFVYW,80
9912-OMZDS,
3733-ZEECP,30
7878-RTCZG,50
2452-MRMZF,
2272-QAGFO,70
7103-IPXPJ,0
4342-HFXWS,0
3545-CNWRG,0
1785-BPHTP,40
4989-LIXVT,
7315-WYOAW,50
1173-XZPYF,30
9850-OWRHQ,80
3768-NLUBH,90
8676-TRMJS,50
2509-TFPJU,
9530-GRMJG,
6898-RBTLU,
5481-NTDOH,
2068-WWXQZ,0
7359-SSBJK,60
2061-VVFST,10
0685-MLYYM,70
0749-IRGQE,40
2380-DAMQP,
2256-YLYLP,
1272-ILHFG,0
0164-XAIRP,0
5666-CYCYZ,30
4011-ARPHK,0
8182-PNAGI,30
6365-HITVU,
7558-IMLMT,0
9488-FYQAU,
3590-TCXTB,30
6994-KERXL,40
7957-RYHQD,90
2180-DXNEG,90
1960-UOTYM,
2740-JFBOK,20
6500-JVEGC,
5515-AKOAJ,90
8976-OQHGT,40
5245-VDBUR,0
6230-BSUXY,90
8469-SNFFH,
2144-ESWKO,0
1241-FPMOF,0
9928-BZVLZ,0
4114-QMKVN,0
2775-SEFEE,0
9003-CPATH,30
1754-GKYPY,0
5294-CDGWY,90
7956-XQWGU,0
1591-MQJTP,
5295-PCJOO,40
2369-FEVNO,50
9863-JZAIC,10
7471-MQPOS,
7660-HDPJV,90
5115-SQAAU,
9845-QOMAD,0
7672-VFMXZ,0
9739-JLPQJ,
9916-AYHTC,0
3855-ONCAR,40
1488-SYSFC,0
7931-PXHFC,90
3990-QYKBE,90
0970-QXPXW,20
3259-KNMRR,
6120-RJKLU,
9572-WUKSB,60
5893-KCLGT,0
0076-LVEPS,0
3640-JQGJG,20
4919-MOAVT,60
1596-OQSPS,0
9867-XOBQA,0
9546-KDTRB,10
3090-HAWSU,80
9820-RMCQV,20
3174-RKMOW,0
1760-CAZHT,0
7839-QRKXN,60
8441-SHIPE,
5204-QZXPU,90
4597-ELFTS,40
1320-GVNHT,0
1047-RNXZV,0
3541-ZNUHK,10
8450-JOVAH,30
8725-JEDFD,10
7562-UXTPG,30
8071-SBTRN,0
1113-IUJYX,90
6668-CNMFP,20
5626-MGTUK,10
5681-LLOEI,
8212-DJRCH,30
4323-OHFOW,
4933-BSAIP,0
2030-BTZRO,0
1116-DXXDF,
9274-CNFMO,70
7758-XKCBS,50
8992-JQYUN,90
6563-VNPMN,0
0617-AQNWT,10
2267-WTPYD,0
0270-THENM,
2446-PLQVO,80
4707-MAXGU,
2710-WYVXG,0
3005-NFMTA,90
6300-BWMJX,0
8784-CGILN,60
5389-FFVKB,60
7009-LGECI,20
8444-WRIDW,20
5022-KVDQT,30
7976-CICYS,10
1036-GUDCL,
2005-DWQZJ,0
8148-WOCMK,0
7815-PDTHL,0
9451-LPGOO,80
9173-IVZVP,0
9129-UXERG,40
3635-JBPSG,0
7964-ZRKKG,
5868-YWPDW,70
6229-LSCKB,70
2025-JKFWI,70
4078-SAYYN,90
1724-IQWNM,50
8217-QYOHV,10
5546-QUERU,0
9940-HPQPG,60
6897-UUBNU,0
6127-IYJOZ,50
6618-RYATB,90
8930-XOTDP,10
5916-QEWPT,50
5060-TQUQN,40
0531-XBKMM,
8465-SBRXP,0
2408-PSJVE,0
9079-YEXQJ,90
9700-ZCLOT,10
8738-JOKAR,0
4534-WGCIR,0
1930-WNXSB,0
2685-SREOM,90
3508-CFVZL,
0402-CQAJN,80
6692-UDPJC,20
1273-MTETI,80
0657-DOGUM,0
5480-HPRRX,70
8792-AOROI,0
0295-PPHDO,90
5146-YYFRZ,0
1195-OIYEJ,90
5906-CVLHP,10
3452-SRFEG,20
4070-OKWVH,0
5297-MDOIR,0
6369-MCAKO,
4926-UMJZD,10
6848-HJTXY,
6341-AEVKX,0
4501-EQDRN,90
2990-HWIML,70
0682-USIXD,30
6976-BWGLQ,
7078-NVFAM,10
8065-QBYTO,
2133-TSRRM,0
7384-GHBPI,80
7603-USHJS,60
7234-FECYN,90
2511-ALLCS,0
3191-CSNMG,70
7952-OBOYL,40
7470-DYNOE,0
7853-OETYL,30
1545-ACTAS,
5876-HZVZM,20
1400-MMYXY,90
5126-RCXYW,0
3085-QUOZK,40
2363-BJLSL,
1956-YIFGE,0
3926-CUQZX,60
7921-LMDFQ,0
2925-MXLSX,0
5820-PTRYM,0
9609-BENEA,0
6211-WHMYA,0
4459-BBGHE,10
9945-PSVIP,0
1041-RXHRA,40
1750-CSKKM,40
9108-EJFJP,40
0530-IJVDB,20
0508-SQWPL,0
2215-ZAFGX,80
8213-TAZPM,
7142-HVGBG,90
1304-SEGFY,
7242-EDTYC,0
2904-GGUAZ,
8267-ZNYVZ,90
5136-GFPMB,0
2595-KIWPV,0
5243-SAOTC,10
9398-MMQTO,30
7619-PLRLP,0
6457-GIRWB,90
6508-NJYRO,0
1450-SKCVI,50
4710-NKCAW,10
5306-BVTKJ,0
0357-NVCRI,0
5570-PTWEH,70
2371-KFUOG,0
0463-ZSDNT,20
6502-MJQAE,90
6257-DTAYD,
4616-ULAOA,
7693-LCKZL,80
7746-AWNQW,0
5996-EBTKM,
2758-RNWXS,0
2314-TNDJQ,
2405-LBMUW,
3454-JFUBC,0
0032-PGELS,60
9039-ZVJDC,10
6797-LNAQX,90
9013-AQORL,0
2898-MRKPI,0
2750-BJLSB,40
3648-GZPHF,0
2075-RMJIK,20
9588-YRFHY,0
6394-MFYNG,90
1564-NTYXF,80
9364-YKUVW,10
5392-AKEMH,50
2451-YMUXS,
3914-FDRHP,40
3078-ZKNTS,0
1024-KPRBB,0
4690-PKDQG,50
8155-IBNHG,60
0886-QGENL,90
9547-ITEFG,50
1264-FUHCX,0
7789-CRUVC,
6598-KELSS,0
8739-WWKDU,90
8685-WHQPW,60
4745-LSPLO,40
8083-YTZES,80
7240-FQLHE,90
6664-FPDAC,90
9972-VAFJJ,0
0422-UXFAP,0
1904-WAJAA,0
5130-YPIRV,
2843-CQMEG,0
6439-PKTRR,
5351-QESIO,50
0786-VSSUD,90
5568-DMXZS,0
8468-FZTOE,20
6633-SYEUS,0
6447-GORXK,20
6967-PEJLL,0
3976-BWUCK,90
5981-ZVXOT,0
1684-FLBGS,0
1389-WNUIB,0
0376-OIWME,0
3585-ISXZP,80
0218-QNVAS,
6583-QGCSI,90
0804-YGEQV,0
7164-BPTUT,
4174-LPGTI,90
2523-EWWZL,40
0928-XUTSN,50
2108-XWMPY,90
0052-YNYOT,0
6304-IJFSQ,50
9586-JGQKH,
4501-VCPFK,0
6075-SLNIL,0
9347-AERRL,0
0093-XWZFY,90
2274-XUATA,0
1980-KXVPM,80
7703-ZEKEF,40
0723-DRCLG,90
5482-NUPNA,30
6691-CCIHA,
1685-BQULA,0
9053-EJUNL,0
0666-UXTJO,10
1471-GIQKQ,30
4807-IZYOZ,0
1122-JWTJW,80
9710-NJERN,0
9837-FWLCH,30
1699-HPSBG,30
7203-OYKCT,
1035-IPQPU,
7398-LXGYX,0
2823-LKABH,10
8775-CEBBJ,30
0550-DCXLH,0
9281-CEDRU,
2235-DWLJU,60
0871-OPBXW,10
3605-JISKB,0
6894-LFHLY,90
9767-FFLEM,20
0639-TSIQW,90
8456-QDAVC,30
7750-EYXWZ,0
2569-WGERO,
6840-RESVB,0
2234-XADUH,10
4801-JZAZL,30
8361-LTMKD,80
3186-AJIEK,
